inquiry_id,customer_id,inquiry_date,expected_delivery_date,status,expected_total_amount,salesperson_id,remarks
INQ-20250701-001,CUST-CN00017,2025-07-01,2025-07-11,草稿,47708,SALES-001,觉得产品也是时间或者首页报告.
INQ-20250701-002,CUST-CN00016,2025-07-02,2025-07-12,已评审,43652,SALES-004,帮助出现继续.
INQ-20250701-003,CUST-CN00001,2025-07-03,2025-07-13,已评审,28846,SALES-003,情况精华公司希望过程感觉.
INQ-20250702-001,CUST-CN00019,2025-07-04,2025-07-14,已评审,16326,SALES-009,地址学生知道提高.
INQ-20250702-002,CUST-CN00002,2025-07-05,2025-07-15,草稿,23124,SALES-009,积分汽车上海.
INQ-20250702-003,CUST-CN00013,2025-07-06,2025-07-16,草稿,59949,SALES-002,责任这么不同进行拥有无法.
INQ-20250703-001,CUST-CN00019,2025-07-07,2025-07-17,草稿,66540,SALES-004,地区部分但是可能.
INQ-20250703-002,CUST-CN00019,2025-07-08,2025-07-18,已评审,57510,SALES-003,开发感觉标题来自政府.
INQ-20250703-003,CUST-CN00010,2025-07-09,2025-07-19,已评审,51535,SALES-007,时候空间他的.
INQ-20250704-001,CUST-CN00002,2025-07-10,2025-07-20,草稿,16351,SALES-007,信息各种更多一切.
INQ-20250704-002,CUST-CN00019,2025-07-11,2025-07-21,草稿,52966,SALES-006,产品之后加入.
INQ-20250704-003,CUST-CN00006,2025-07-12,2025-07-22,草稿,49732,SALES-006,方法发现详细.
INQ-20250705-001,CUST-CN00019,2025-07-13,2025-07-23,草稿,38528,SALES-007,内容人员怎么搜索拥有音乐.
INQ-20250705-002,CUST-CN00020,2025-07-14,2025-07-24,已评审,13332,SALES-004,拥有地方也是是否能力.
INQ-20250705-003,CUST-CN00003,2025-07-15,2025-07-25,草稿,69014,SALES-003,朋友行业一起详细威望.
INQ-20250706-001,CUST-CN00017,2025-07-16,2025-07-26,草稿,58952,SALES-010,使用必须人员使用其实.
INQ-20250706-002,CUST-CN00010,2025-07-17,2025-07-27,已评审,70890,SALES-009,中心规定电话.
INQ-20250706-003,CUST-CN00013,2025-07-18,2025-07-28,草稿,77982,SALES-004,您的科技具有支持建设.
INQ-20250707-001,CUST-CN00005,2025-07-19,2025-07-29,草稿,52518,SALES-007,企业进入为了其实安全.
INQ-20250707-002,CUST-CN00010,2025-07-20,2025-07-30,草稿,67392,SALES-005,东西原因必须积分会员查看经济.
INQ-20250707-003,CUST-CN00002,2025-07-21,2025-07-31,草稿,66219,SALES-006,大学其他是一参加日期.
INQ-20250708-001,CUST-CN00001,2025-07-22,2025-08-01,已评审,56763,SALES-004,地方作为社会.
INQ-20250708-002,CUST-CN00004,2025-07-23,2025-08-02,已评审,51114,SALES-001,提供很多深圳.
INQ-20250708-003,CUST-CN00018,2025-07-24,2025-08-03,已评审,46558,SALES-002,人员你们生产也是.
INQ-20250709-001,CUST-CN00004,2025-07-25,2025-08-04,已评审,76516,SALES-001,工具人民精华.
INQ-20250709-002,CUST-CN00004,2025-07-26,2025-08-05,已评审,15271,SALES-004,商品来自广告一切电话过程.
INQ-20250709-003,CUST-CN00020,2025-07-27,2025-08-06,已评审,40573,SALES-006,自己参加控制他们作为生活.
INQ-20250710-001,CUST-CN00019,2025-07-28,2025-08-07,已评审,41016,SALES-001,你们时间世界只是.
INQ-20250710-002,CUST-CN00002,2025-07-29,2025-08-08,草稿,55599,SALES-004,会员精华品牌你们.
INQ-20250710-003,CUST-CN00020,2025-07-30,2025-08-09,草稿,45008,SALES-007,下载阅读不过.
INQ-20250711-001,CUST-CN00018,2025-07-31,2025-08-10,已评审,59691,SALES-010,成为是否生产问题.
INQ-20250711-002,CUST-CN00015,2025-08-01,2025-08-11,草稿,74056,SALES-010,中文世界方面国际.
INQ-20250711-003,CUST-CN00015,2025-08-02,2025-08-12,已评审,79393,SALES-006,关系要求认为.
INQ-20250712-001,CUST-CN00002,2025-08-03,2025-08-13,已评审,38546,SALES-008,准备时候虽然一下有关规定.
INQ-20250712-002,CUST-CN00018,2025-08-04,2025-08-14,已评审,16143,SALES-010,空间特别这个一次.
INQ-20250712-003,CUST-CN00004,2025-08-05,2025-08-15,草稿,33987,SALES-006,设备下载任何状态无法能力.
INQ-20250713-001,CUST-CN00005,2025-08-06,2025-08-16,已评审,10997,SALES-008,孩子进入资料关于不会一次.
INQ-20250713-002,CUST-CN00016,2025-08-07,2025-08-17,草稿,24671,SALES-004,成为全国建设生活组织.
INQ-20250713-003,CUST-CN00004,2025-08-08,2025-08-18,已评审,73329,SALES-004,系列研究不能希望.
INQ-20250714-001,CUST-CN00015,2025-08-09,2025-08-19,草稿,56088,SALES-001,最新本站我的论坛实现只是.
INQ-20250714-002,CUST-CN00004,2025-08-10,2025-08-20,草稿,25384,SALES-001,控制原因最大如果.
INQ-20250714-003,CUST-CN00014,2025-08-11,2025-08-21,已评审,61982,SALES-002,产品专业的人系统只要.
INQ-20250715-001,CUST-CN00006,2025-08-12,2025-08-22,草稿,40029,SALES-010,你们一个这些.
INQ-20250715-002,CUST-CN00001,2025-08-13,2025-08-23,草稿,54567,SALES-004,朋友认为以上文件一样登录.
INQ-20250715-003,CUST-CN00009,2025-08-14,2025-08-24,已评审,56684,SALES-004,空间时间主题谢谢.
INQ-20250716-001,CUST-CN00017,2025-08-15,2025-08-25,草稿,70115,SALES-006,一样您的正在主要.
INQ-20250716-002,CUST-CN00001,2025-08-16,2025-08-26,已评审,66887,SALES-007,在线全国联系.
INQ-20250716-003,CUST-CN00013,2025-08-17,2025-08-27,草稿,77254,SALES-006,谢谢内容专业注意那么.
INQ-20250717-001,CUST-CN00008,2025-08-18,2025-08-28,草稿,43287,SALES-008,登录简介标准就是.
INQ-20250717-002,CUST-CN00012,2025-08-19,2025-08-29,已评审,48328,SALES-008,一般的话两个必须支持使用.
INQ-20250717-003,CUST-CN00007,2025-08-20,2025-08-30,已评审,54469,SALES-001,全国这样设备她的所以.
INQ-20250718-001,CUST-CN00009,2025-08-21,2025-08-31,已评审,32903,SALES-002,过程设备音乐.
INQ-20250718-002,CUST-CN00012,2025-08-22,2025-09-01,草稿,64618,SALES-003,活动规定数据不会只是有关.
INQ-20250718-003,CUST-CN00006,2025-08-23,2025-09-02,已评审,37549,SALES-010,我的一直比较之间城市浏览.
INQ-20250719-001,CUST-CN00019,2025-08-24,2025-09-03,已评审,61350,SALES-010,世界提高觉得一起.
INQ-20250719-002,CUST-CN00003,2025-08-25,2025-09-04,已评审,68759,SALES-004,不会以上空间.
INQ-20250719-003,CUST-CN00019,2025-08-26,2025-09-05,已评审,19332,SALES-003,品牌一下作为本站业务.
INQ-20250720-001,CUST-CN00012,2025-08-27,2025-09-06,已评审,26446,SALES-010,增加人员状态的人拥有.
INQ-20250720-002,CUST-CN00007,2025-08-28,2025-09-07,已评审,28094,SALES-005,为什这是包括来源网站本站.
INQ-20250720-003,CUST-CN00018,2025-08-29,2025-09-08,草稿,47138,SALES-008,加入不能正在.
INQ-20250721-001,CUST-CN00011,2025-08-30,2025-09-09,草稿,59533,SALES-003,分析人民大家知道.
INQ-20250721-002,CUST-CN00001,2025-08-31,2025-09-10,草稿,63658,SALES-008,本站要求直接一切今天.
INQ-20250721-003,CUST-CN00005,2025-09-01,2025-09-11,草稿,24044,SALES-002,那些一般自己任何文章.
INQ-20250722-001,CUST-CN00014,2025-09-02,2025-09-12,草稿,24837,SALES-007,决定朋友当然地址得到.
INQ-20250722-002,CUST-CN00005,2025-09-03,2025-09-13,草稿,21943,SALES-003,只是游戏到了只是他的那么.
INQ-20250722-003,CUST-CN00007,2025-09-04,2025-09-14,草稿,74620,SALES-004,公司阅读专业一样.
INQ-20250723-001,CUST-CN00019,2025-09-05,2025-09-15,草稿,17706,SALES-004,免费人民回复.
INQ-20250723-002,CUST-CN00013,2025-09-06,2025-09-16,已评审,49534,SALES-003,感觉地址有些这么电子工程.
INQ-20250723-003,CUST-CN00002,2025-09-07,2025-09-17,草稿,74746,SALES-001,设计生活北京日本为了系统.
INQ-20250724-001,CUST-CN00003,2025-09-08,2025-09-18,草稿,47369,SALES-001,日本开始基本运行出现留言.
INQ-20250724-002,CUST-CN00019,2025-09-09,2025-09-19,草稿,48943,SALES-002,发展关系中心不能大家.
INQ-20250724-003,CUST-CN00009,2025-09-10,2025-09-20,草稿,65721,SALES-009,计划都是中心感觉今年.
INQ-20250725-001,CUST-CN00007,2025-09-11,2025-09-21,已评审,24391,SALES-003,大小一下环境软件一定电话.
INQ-20250725-002,CUST-CN00009,2025-09-12,2025-09-22,草稿,77609,SALES-004,能够发表为什.
INQ-20250725-003,CUST-CN00014,2025-09-13,2025-09-23,已评审,74085,SALES-009,内容自己到了本站首页进入.
INQ-20250726-001,CUST-CN00003,2025-09-14,2025-09-24,已评审,12692,SALES-007,合作为了能力音乐组织回复.
INQ-20250726-002,CUST-CN00016,2025-09-15,2025-09-25,草稿,30122,SALES-002,不同我的大学.
INQ-20250726-003,CUST-CN00018,2025-09-16,2025-09-26,已评审,35292,SALES-002,威望功能出现主要时候参加.
INQ-20250727-001,CUST-CN00005,2025-09-17,2025-09-27,草稿,27918,SALES-001,一下没有他的表示一点企业.
INQ-20250727-002,CUST-CN00004,2025-09-18,2025-09-28,草稿,56020,SALES-010,一些首页图片服务软件电子.
INQ-20250727-003,CUST-CN00018,2025-09-19,2025-09-29,已评审,50613,SALES-002,文件经验数据.
INQ-20250728-001,CUST-CN00002,2025-09-20,2025-09-30,已评审,36014,SALES-008,不同文件已经图片.
INQ-20250728-002,CUST-CN00013,2025-09-21,2025-10-01,草稿,30566,SALES-008,密码朋友帖子决定主要.
INQ-20250728-003,CUST-CN00005,2025-09-22,2025-10-02,已评审,16332,SALES-006,产品那么系统时候城市.
INQ-20250729-001,CUST-CN00017,2025-09-23,2025-10-03,草稿,48112,SALES-010,到了以及说明问题信息得到.
INQ-20250729-002,CUST-CN00016,2025-09-24,2025-10-04,草稿,39900,SALES-008,浏览美国环境分析如此时间.
INQ-20250729-003,CUST-CN00004,2025-09-25,2025-10-05,草稿,54941,SALES-004,出现不会电脑.
INQ-20250730-001,CUST-CN00020,2025-09-26,2025-10-06,草稿,48948,SALES-007,还有更多能够.
INQ-20250730-002,CUST-CN00015,2025-09-27,2025-10-07,草稿,55520,SALES-003,一点这些你的研究或者.
INQ-20250730-003,CUST-CN00010,2025-09-28,2025-10-08,已评审,17425,SALES-004,主要详细你们.
INQ-20250731-001,CUST-CN00007,2025-09-29,2025-10-09,已评审,48232,SALES-007,威望还有到了历史方法内容.
INQ-20250731-002,CUST-CN00015,2025-09-30,2025-10-10,已评审,41665,SALES-003,特别简介为了基本产品制作.
INQ-20250731-003,CUST-CN00008,2025-10-01,2025-10-11,草稿,31370,SALES-008,只要由于要求国际发现帮助.
INQ-20250732-001,CUST-CN00002,2025-10-02,2025-10-12,已评审,48419,SALES-003,经验登录还是功能以上大家.
INQ-20250732-002,CUST-CN00011,2025-10-03,2025-10-13,草稿,23842,SALES-003,位置生活系列.
INQ-20250732-003,CUST-CN00015,2025-10-04,2025-10-14,草稿,69356,SALES-001,商品这是网络.
INQ-20250733-001,CUST-CN00013,2025-10-05,2025-10-15,草稿,50991,SALES-006,完全需要自己只有由于进行.
INQ-20250733-002,CUST-CN00019,2025-10-06,2025-10-16,草稿,12335,SALES-006,直接一定空间都是成功到了.
INQ-20250733-003,CUST-CN00009,2025-10-07,2025-10-17,草稿,44646,SALES-006,国内游戏等级.
INQ-20250734-001,CUST-CN00019,2025-10-08,2025-10-18,草稿,68238,SALES-003,重要威望更新责任分析名称.
INQ-20250734-002,CUST-CN00010,2025-10-09,2025-10-19,已评审,27332,SALES-003,支持就是注意他的历史学生.
INQ-20250734-003,CUST-CN00001,2025-10-10,2025-10-20,草稿,44522,SALES-001,电话论坛免费方式.
INQ-20250735-001,CUST-CN00011,2025-10-11,2025-10-21,草稿,52455,SALES-010,结果方法本站同时人民.
INQ-20250735-002,CUST-CN00003,2025-10-12,2025-10-22,草稿,28594,SALES-002,不要人民中国一般.
INQ-20250735-003,CUST-CN00020,2025-10-13,2025-10-23,草稿,22362,SALES-006,系统数据什么应用发展生活.
INQ-20250736-001,CUST-CN00003,2025-10-14,2025-10-24,已评审,16988,SALES-007,北京地址技术同时.
INQ-20250736-002,CUST-CN00005,2025-10-15,2025-10-25,已评审,29923,SALES-005,这里不过深圳.
INQ-20250736-003,CUST-CN00003,2025-10-16,2025-10-26,已评审,27629,SALES-003,资料来自客户得到文化留言.
INQ-20250737-001,CUST-CN00017,2025-10-17,2025-10-27,已评审,42491,SALES-002,准备就是如果质量当前方法.
INQ-20250737-002,CUST-CN00020,2025-10-18,2025-10-28,草稿,31776,SALES-003,关于项目重要由于网站.
INQ-20250737-003,CUST-CN00008,2025-10-19,2025-10-29,已评审,21406,SALES-006,城市希望这么.
INQ-20250738-001,CUST-CN00020,2025-10-20,2025-10-30,已评审,49888,SALES-003,他们为了技术.
INQ-20250738-002,CUST-CN00013,2025-10-21,2025-10-31,草稿,42953,SALES-005,评论这样无法情况这些详细活动.
INQ-20250738-003,CUST-CN00005,2025-10-22,2025-11-01,已评审,64520,SALES-010,这种中国最新.
INQ-20250739-001,CUST-CN00009,2025-10-23,2025-11-02,草稿,68658,SALES-004,认为积分问题.
INQ-20250739-002,CUST-CN00015,2025-10-24,2025-11-03,草稿,43934,SALES-004,今天但是特别帮助可是.
INQ-20250739-003,CUST-CN00007,2025-10-25,2025-11-04,已评审,67295,SALES-010,来自音乐深圳.
INQ-20250740-001,CUST-CN00016,2025-10-26,2025-11-05,草稿,26724,SALES-009,联系程序不是产品.
INQ-20250740-002,CUST-CN00014,2025-10-27,2025-11-06,草稿,61631,SALES-006,喜欢规定同时工作.
INQ-20250740-003,CUST-CN00007,2025-10-28,2025-11-07,草稿,69468,SALES-006,日期不断您的.
INQ-20250741-001,CUST-CN00004,2025-10-29,2025-11-08,草稿,74594,SALES-009,进入建设情况企业新闻应该.
INQ-20250741-002,CUST-CN00007,2025-10-30,2025-11-09,已评审,59165,SALES-009,以及由于搜索使用技术起来支持.
INQ-20250741-003,CUST-CN00002,2025-10-31,2025-11-10,草稿,57636,SALES-009,国内威望回复.
INQ-20250742-001,CUST-CN00014,2025-11-01,2025-11-11,已评审,63467,SALES-009,地方联系手机标准不过.
INQ-20250742-002,CUST-CN00013,2025-11-02,2025-11-12,已评审,23900,SALES-010,详细上海评论地方很多文章.
INQ-20250742-003,CUST-CN00012,2025-11-03,2025-11-13,草稿,10771,SALES-002,系列目前你的只是知道.
INQ-20250743-001,CUST-CN00015,2025-11-04,2025-11-14,草稿,22619,SALES-007,就是如何资源一般大小发现学生.
INQ-20250743-002,CUST-CN00016,2025-11-05,2025-11-15,已评审,56187,SALES-005,主要游戏其他分析情况这个.
INQ-20250743-003,CUST-CN00010,2025-11-06,2025-11-16,已评审,14248,SALES-004,谢谢谢谢最新自己美国以上.
INQ-20250744-001,CUST-CN00010,2025-11-07,2025-11-17,草稿,12018,SALES-001,会员人民最新这些类型.
INQ-20250744-002,CUST-CN00009,2025-11-08,2025-11-18,草稿,26405,SALES-010,公司我们以上我们销售.
INQ-20250744-003,CUST-CN00001,2025-11-09,2025-11-19,草稿,51048,SALES-004,开发阅读加入.
INQ-20250745-001,CUST-CN00014,2025-11-10,2025-11-20,已评审,19506,SALES-008,产品以后的话.
INQ-20250745-002,CUST-CN00013,2025-11-11,2025-11-21,已评审,53016,SALES-002,这个不会游戏电影.
INQ-20250745-003,CUST-CN00020,2025-11-12,2025-11-22,草稿,40541,SALES-002,地区论坛一次无法登录谢谢.
INQ-20250746-001,CUST-CN00015,2025-11-13,2025-11-23,已评审,77231,SALES-010,作品市场部门.
INQ-20250746-002,CUST-CN00017,2025-11-14,2025-11-24,草稿,61497,SALES-001,服务社区大学那些中文.
INQ-20250746-003,CUST-CN00016,2025-11-15,2025-11-25,草稿,58990,SALES-001,那么事情科技管理次数.
INQ-20250747-001,CUST-CN00015,2025-11-16,2025-11-26,草稿,69248,SALES-008,她的美国规定最大使用国内.
INQ-20250747-002,CUST-CN00017,2025-11-17,2025-11-27,已评审,62212,SALES-010,推荐包括完全生产这样.
INQ-20250747-003,CUST-CN00014,2025-11-18,2025-11-28,已评审,53775,SALES-005,搜索搜索公司.
INQ-20250748-001,CUST-CN00012,2025-11-19,2025-11-29,草稿,68817,SALES-008,查看一定免费.
INQ-20250748-002,CUST-CN00010,2025-11-20,2025-11-30,草稿,49566,SALES-010,投资原因进行当然发表为了.
INQ-20250748-003,CUST-CN00004,2025-11-21,2025-12-01,已评审,65590,SALES-010,帖子项目程序你们工程.
INQ-20250749-001,CUST-CN00007,2025-11-22,2025-12-02,已评审,31873,SALES-004,方法注册环境.
INQ-20250749-002,CUST-CN00017,2025-11-23,2025-12-03,草稿,14670,SALES-008,生活通过之间生活对于只要.
INQ-20250749-003,CUST-CN00012,2025-11-24,2025-12-04,已评审,13661,SALES-009,最后大家品牌下载在线.
INQ-20250750-001,CUST-CN00003,2025-11-25,2025-12-05,已评审,35474,SALES-008,文章进入这样.
INQ-20250750-002,CUST-CN00016,2025-11-26,2025-12-06,草稿,62997,SALES-009,其实重要责任公司登录朋友.
INQ-20250750-003,CUST-CN00017,2025-11-27,2025-12-07,已评审,22348,SALES-001,人员欢迎问题.
INQ-20250751-001,CUST-CN00011,2025-11-28,2025-12-08,草稿,11118,SALES-007,有些也是来自帖子.
INQ-20250751-002,CUST-CN00005,2025-11-29,2025-12-09,草稿,79742,SALES-001,日期主题空间活动你的点击.
INQ-20250751-003,CUST-CN00001,2025-11-30,2025-12-10,已评审,11310,SALES-003,更多关于当然还是其他一点.
INQ-20250752-001,CUST-CN00013,2025-12-01,2025-12-11,已评审,37717,SALES-003,一直手机时间.
INQ-20250752-002,CUST-CN00005,2025-12-02,2025-12-12,已评审,64555,SALES-004,生活资料会员详细起来文章时候.
INQ-20250752-003,CUST-CN00002,2025-12-03,2025-12-13,草稿,75353,SALES-008,教育直接得到人民一些.
INQ-20250753-001,CUST-CN00016,2025-12-04,2025-12-14,草稿,31021,SALES-002,客户事情目前而且一样.
INQ-20250753-002,CUST-CN00008,2025-12-05,2025-12-15,草稿,72636,SALES-010,成功注意比较城市.
INQ-20250753-003,CUST-CN00008,2025-12-06,2025-12-16,已评审,72780,SALES-006,现在以上东西.
INQ-20250754-001,CUST-CN00014,2025-12-07,2025-12-17,草稿,72837,SALES-004,大家一次所以有关深圳.
INQ-20250754-002,CUST-CN00011,2025-12-08,2025-12-18,草稿,77425,SALES-007,女人直接支持.
INQ-20250754-003,CUST-CN00007,2025-12-09,2025-12-19,草稿,54588,SALES-005,安全历史你的表示音乐正在.
INQ-20250755-001,CUST-CN00013,2025-12-10,2025-12-20,草稿,24461,SALES-006,一样具有加入电子.
INQ-20250755-002,CUST-CN00013,2025-12-11,2025-12-21,已评审,74074,SALES-010,结果有关作者精华您的.
INQ-20250755-003,CUST-CN00010,2025-12-12,2025-12-22,已评审,33663,SALES-005,资源无法运行不过中国.
INQ-20250756-001,CUST-CN00011,2025-12-13,2025-12-23,已评审,37029,SALES-008,组织电脑这种其中开发.
INQ-20250756-002,CUST-CN00018,2025-12-14,2025-12-24,草稿,64173,SALES-009,方面解决继续.
INQ-20250756-003,CUST-CN00011,2025-12-15,2025-12-25,草稿,70855,SALES-007,情况主题主题运行或者.
INQ-20250757-001,CUST-CN00004,2025-12-16,2025-12-26,已评审,27935,SALES-006,一种历史制作增加两个结果.
INQ-20250757-002,CUST-CN00003,2025-12-17,2025-12-27,已评审,71587,SALES-003,今天增加最后音乐经营成功.
INQ-20250757-003,CUST-CN00017,2025-12-18,2025-12-28,已评审,18989,SALES-001,重要价格安全.
INQ-20250758-001,CUST-CN00017,2025-12-19,2025-12-29,草稿,15439,SALES-007,广告那个软件过程法律地方.
INQ-20250758-002,CUST-CN00005,2025-12-20,2025-12-30,草稿,37861,SALES-004,图片的是一定网上.
INQ-20250758-003,CUST-CN00013,2025-12-21,2025-12-31,草稿,42882,SALES-003,是否以后中心设计.
INQ-20250759-001,CUST-CN00012,2025-12-22,2026-01-01,草稿,52303,SALES-003,制作用户很多或者.
INQ-20250759-002,CUST-CN00018,2025-12-23,2026-01-02,草稿,18518,SALES-003,免费日期业务电影东西.
INQ-20250759-003,CUST-CN00002,2025-12-24,2026-01-03,草稿,72547,SALES-001,人民东西地址的话企业系列.
INQ-20250760-001,CUST-CN00008,2025-12-25,2026-01-04,已评审,11761,SALES-001,规定包括决定关系网站.
INQ-20250760-002,CUST-CN00009,2025-12-26,2026-01-05,草稿,47056,SALES-005,对于质量当前.
INQ-20250760-003,CUST-CN00001,2025-12-27,2026-01-06,草稿,26956,SALES-010,孩子同时中国产品.
INQ-20250761-001,CUST-CN00007,2025-12-28,2026-01-07,草稿,36708,SALES-002,密码历史这样登录程序.
INQ-20250761-002,CUST-CN00003,2025-12-29,2026-01-08,已评审,22457,SALES-009,文化介绍加入精华学校位置.
INQ-20250761-003,CUST-CN00010,2025-12-30,2026-01-09,已评审,70644,SALES-010,当前为什显示简介.
INQ-20250762-001,CUST-CN00014,2025-12-31,2026-01-10,草稿,34819,SALES-008,简介简介资料.
INQ-20250762-002,CUST-CN00009,2026-01-01,2026-01-11,草稿,48476,SALES-001,会员研究作为世界单位说明.
INQ-20250762-003,CUST-CN00012,2026-01-02,2026-01-12,已评审,66112,SALES-008,成为一切一下日期.
INQ-20250763-001,CUST-CN00009,2026-01-03,2026-01-13,已评审,21141,SALES-010,这些学习一种.
INQ-20250763-002,CUST-CN00002,2026-01-04,2026-01-14,已评审,66661,SALES-004,专业根据电影.
INQ-20250763-003,CUST-CN00007,2026-01-05,2026-01-15,草稿,46603,SALES-003,欢迎客户国际电脑世界.
INQ-20250764-001,CUST-CN00002,2026-01-06,2026-01-16,草稿,59189,SALES-001,以上威望完全最后时候.
INQ-20250764-002,CUST-CN00017,2026-01-07,2026-01-17,已评审,54459,SALES-002,数据具有由于是否.
INQ-20250764-003,CUST-CN00011,2026-01-08,2026-01-18,草稿,68402,SALES-006,提高应该出来.
INQ-20250765-001,CUST-CN00010,2026-01-09,2026-01-19,已评审,11341,SALES-009,记者以下项目美国合作系列.
INQ-20250765-002,CUST-CN00018,2026-01-10,2026-01-20,已评审,66263,SALES-007,积分需要生产.
INQ-20250765-003,CUST-CN00014,2026-01-11,2026-01-21,已评审,75212,SALES-007,之间工程一切为了空间.
INQ-20250766-001,CUST-CN00001,2026-01-12,2026-01-22,已评审,59512,SALES-005,她的新闻可能无法.
INQ-20250766-002,CUST-CN00015,2026-01-13,2026-01-23,已评审,54191,SALES-006,为什开始日本.
INQ-20250766-003,CUST-CN00020,2026-01-14,2026-01-24,草稿,79637,SALES-010,简介更新怎么.
INQ-20250767-001,CUST-CN00012,2026-01-15,2026-01-25,已评审,29678,SALES-009,什么可是东西那些继续欢迎.
INQ-20250767-002,CUST-CN00015,2026-01-16,2026-01-26,草稿,17142,SALES-001,提供出来自己责任而且应用.
INQ-20250767-003,CUST-CN00009,2026-01-17,2026-01-27,已评审,65439,SALES-004,类型不是以及那个.
INQ-20250768-001,CUST-CN00011,2026-01-18,2026-01-28,已评审,21056,SALES-006,提高全国价格教育具有经营.
INQ-20250768-002,CUST-CN00003,2026-01-19,2026-01-29,草稿,23462,SALES-009,加入电脑精华企业提高最大.
INQ-20250768-003,CUST-CN00009,2026-01-20,2026-01-30,草稿,48181,SALES-006,东西规定国际.
INQ-20250769-001,CUST-CN00018,2026-01-21,2026-01-31,草稿,57148,SALES-010,合作程序参加不会一个.
INQ-20250769-002,CUST-CN00019,2026-01-22,2026-02-01,草稿,74280,SALES-005,电子这样包括.
INQ-20250769-003,CUST-CN00014,2026-01-23,2026-02-02,已评审,65263,SALES-007,语言以及为了但是不是网络.
INQ-20250770-001,CUST-CN00010,2026-01-24,2026-02-03,已评审,39062,SALES-006,出现地区比较应该他们为什.
INQ-20250770-002,CUST-CN00001,2026-01-25,2026-02-04,草稿,33558,SALES-007,国家感觉以下经济工作.
INQ-20250770-003,CUST-CN00008,2026-01-26,2026-02-05,草稿,45355,SALES-003,更多发现方面.
INQ-20250771-001,CUST-CN00006,2026-01-27,2026-02-06,草稿,47284,SALES-006,的话投资中国责任.
INQ-20250771-002,CUST-CN00015,2026-01-28,2026-02-07,草稿,61310,SALES-007,不能计划汽车设计.
INQ-20250771-003,CUST-CN00020,2026-01-29,2026-02-08,已评审,41968,SALES-009,这么欢迎软件计划.
INQ-20250772-001,CUST-CN00019,2026-01-30,2026-02-09,已评审,68107,SALES-005,回复这是信息.
INQ-20250772-002,CUST-CN00005,2026-01-31,2026-02-10,草稿,43412,SALES-002,根据工作就是等级中国网上.
INQ-20250772-003,CUST-CN00006,2026-02-01,2026-02-11,草稿,38881,SALES-002,其他女人汽车安全.
INQ-20250773-001,CUST-CN00012,2026-02-02,2026-02-12,已评审,26610,SALES-007,不会过程具有您的什么空间.
INQ-20250773-002,CUST-CN00007,2026-02-03,2026-02-13,已评审,27867,SALES-010,发表自己工具学生到了.
INQ-20250773-003,CUST-CN00012,2026-02-04,2026-02-14,草稿,79298,SALES-005,程序不要搜索谢谢一个.
INQ-20250774-001,CUST-CN00001,2026-02-05,2026-02-15,草稿,71118,SALES-007,他的人员看到是否一切.
INQ-20250774-002,CUST-CN00007,2026-02-06,2026-02-16,草稿,47165,SALES-006,根据历史一样之间如何你们.
INQ-20250774-003,CUST-CN00012,2026-02-07,2026-02-17,草稿,43156,SALES-003,最大就是部分文化包括北京.
INQ-20250775-001,CUST-CN00004,2026-02-08,2026-02-18,已评审,67133,SALES-001,成为只是评论.
INQ-20250775-002,CUST-CN00002,2026-02-09,2026-02-19,草稿,22295,SALES-010,作品以后环境虽然.
INQ-20250775-003,CUST-CN00010,2026-02-10,2026-02-20,已评审,10519,SALES-005,因此系列一般用户加入.
INQ-20250776-001,CUST-CN00009,2026-02-11,2026-02-21,已评审,66243,SALES-005,的话为了增加.
INQ-20250776-002,CUST-CN00013,2026-02-12,2026-02-22,草稿,18469,SALES-003,只有具有工作积分.
INQ-20250776-003,CUST-CN00015,2026-02-13,2026-02-23,草稿,54861,SALES-007,更多登录环境有些继续.
INQ-20250777-001,CUST-CN00020,2026-02-14,2026-02-24,已评审,68995,SALES-004,在线积分标题.
INQ-20250777-002,CUST-CN00008,2026-02-15,2026-02-25,草稿,15604,SALES-007,程序全国您的价格.
INQ-20250777-003,CUST-CN00007,2026-02-16,2026-02-26,草稿,64490,SALES-009,音乐中国登录.
INQ-20250778-001,CUST-CN00014,2026-02-17,2026-02-27,草稿,36470,SALES-001,控制个人历史地方企业.
INQ-20250778-002,CUST-CN00008,2026-02-18,2026-02-28,草稿,41786,SALES-008,一定他们积分需要必须.
INQ-20250778-003,CUST-CN00020,2026-02-19,2026-03-01,草稿,55987,SALES-008,增加开发历史.
INQ-20250779-001,CUST-CN00019,2026-02-20,2026-03-02,已评审,63798,SALES-004,已经正在这种一般发表.
INQ-20250779-002,CUST-CN00005,2026-02-21,2026-03-03,草稿,29261,SALES-009,各种品牌显示继续学校.
INQ-20250779-003,CUST-CN00012,2026-02-22,2026-03-04,已评审,59970,SALES-009,公司同时事情.
INQ-20250780-001,CUST-CN00019,2026-02-23,2026-03-05,草稿,13527,SALES-007,生活到了相关.
INQ-20250780-002,CUST-CN00007,2026-02-24,2026-03-06,草稿,37212,SALES-006,全国因此成为企业.
INQ-20250780-003,CUST-CN00008,2026-02-25,2026-03-07,草稿,55564,SALES-004,或者分析市场人员欢迎位置.
INQ-20250781-001,CUST-CN00007,2026-02-26,2026-03-08,已评审,69002,SALES-008,之间系列电影相关自己.
INQ-20250781-002,CUST-CN00006,2026-02-27,2026-03-09,已评审,33235,SALES-007,有限可以密码只是注意.
INQ-20250781-003,CUST-CN00016,2026-02-28,2026-03-10,草稿,62491,SALES-007,具有关系影响.
INQ-20250782-001,CUST-CN00016,2026-03-01,2026-03-11,草稿,63557,SALES-006,资料成功如此因此最新.
INQ-20250782-002,CUST-CN00001,2026-03-02,2026-03-12,草稿,57939,SALES-007,是否或者选择经济公司.
INQ-20250782-003,CUST-CN00018,2026-03-03,2026-03-13,已评审,26258,SALES-007,他们报告东西系统更多.
INQ-20250783-001,CUST-CN00001,2026-03-04,2026-03-14,已评审,69976,SALES-001,位置这种那些一样什么生活部分.
INQ-20250783-002,CUST-CN00007,2026-03-05,2026-03-15,已评审,50838,SALES-001,是一科技一个之间.
INQ-20250783-003,CUST-CN00012,2026-03-06,2026-03-16,草稿,17530,SALES-003,北京评论我的其中显示城市.
INQ-20250784-001,CUST-CN00011,2026-03-07,2026-03-17,已评审,73646,SALES-007,登录学校到了.
INQ-20250784-002,CUST-CN00011,2026-03-08,2026-03-18,已评审,22891,SALES-001,决定大学觉得其实.
INQ-20250784-003,CUST-CN00002,2026-03-09,2026-03-19,草稿,37592,SALES-002,商品历史公司的人.
INQ-20250785-001,CUST-CN00001,2026-03-10,2026-03-20,草稿,63732,SALES-005,上海安全电子空间.
INQ-20250785-002,CUST-CN00003,2026-03-11,2026-03-21,已评审,12455,SALES-004,决定特别拥有.
INQ-20250785-003,CUST-CN00015,2026-03-12,2026-03-22,草稿,35088,SALES-002,所以结果以下如何一次如果.
INQ-20250786-001,CUST-CN00011,2026-03-13,2026-03-23,已评审,28201,SALES-007,计划国际上海.
INQ-20250786-002,CUST-CN00015,2026-03-14,2026-03-24,草稿,41367,SALES-008,如此不会今年.
INQ-20250786-003,CUST-CN00015,2026-03-15,2026-03-25,已评审,56153,SALES-010,类型生活基本电影主题.
INQ-20250787-001,CUST-CN00012,2026-03-16,2026-03-26,草稿,25539,SALES-005,但是解决搜索.
INQ-20250787-002,CUST-CN00011,2026-03-17,2026-03-27,草稿,36545,SALES-010,他们品牌到了进入程序.
INQ-20250787-003,CUST-CN00015,2026-03-18,2026-03-28,草稿,64212,SALES-004,控制全部必须.
INQ-20250788-001,CUST-CN00004,2026-03-19,2026-03-29,已评审,38255,SALES-007,作为进行不要.
INQ-20250788-002,CUST-CN00003,2026-03-20,2026-03-30,草稿,65731,SALES-003,完成部分电子感觉完成.
INQ-20250788-003,CUST-CN00014,2026-03-21,2026-03-31,已评审,13782,SALES-008,安全什么美国全国成功.
INQ-20250789-001,CUST-CN00003,2026-03-22,2026-04-01,草稿,58625,SALES-005,威望大小学习怎么女人.
INQ-20250789-002,CUST-CN00014,2026-03-23,2026-04-02,已评审,76733,SALES-006,那些城市功能或者电子不过应该.
INQ-20250789-003,CUST-CN00016,2026-03-24,2026-04-03,草稿,37806,SALES-010,处理城市世界使用.
INQ-20250790-001,CUST-CN00007,2026-03-25,2026-04-04,草稿,77512,SALES-008,以后文化要求.
INQ-20250790-002,CUST-CN00013,2026-03-26,2026-04-05,已评审,36561,SALES-009,系列关于提高图片.
INQ-20250790-003,CUST-CN00006,2026-03-27,2026-04-06,已评审,19770,SALES-005,标题男人不要.
INQ-20250791-001,CUST-CN00008,2026-03-28,2026-04-07,草稿,35237,SALES-006,问题知道表示帖子活动.
INQ-20250791-002,CUST-CN00020,2026-03-29,2026-04-08,草稿,76941,SALES-003,之间而且发现.
INQ-20250791-003,CUST-CN00003,2026-03-30,2026-04-09,草稿,55748,SALES-001,出现工作能够作品投资有关.
INQ-20250792-001,CUST-CN00004,2026-03-31,2026-04-10,已评审,76896,SALES-006,需要完成汽车包括.
INQ-20250792-002,CUST-CN00001,2026-04-01,2026-04-11,草稿,12901,SALES-003,认为一些类别他的.
INQ-20250792-003,CUST-CN00015,2026-04-02,2026-04-12,已评审,31203,SALES-010,学校为什不同.
INQ-20250793-001,CUST-CN00011,2026-04-03,2026-04-13,已评审,38237,SALES-007,分析知道记者.
INQ-20250793-002,CUST-CN00002,2026-04-04,2026-04-14,已评审,63081,SALES-002,相关活动地方生活.
INQ-20250793-003,CUST-CN00009,2026-04-05,2026-04-15,已评审,22229,SALES-008,详细地方什么登录发现由于.
INQ-20250794-001,CUST-CN00015,2026-04-06,2026-04-16,草稿,14646,SALES-001,政府一定人民深圳中文网络.
INQ-20250794-002,CUST-CN00015,2026-04-07,2026-04-17,已评审,29640,SALES-008,质量来源登录运行推荐.
INQ-20250794-003,CUST-CN00016,2026-04-08,2026-04-18,已评审,19233,SALES-006,中文信息管理发表到了不要.
INQ-20250795-001,CUST-CN00016,2026-04-09,2026-04-19,已评审,67892,SALES-007,浏览网上注意这些.
INQ-20250795-002,CUST-CN00009,2026-04-10,2026-04-20,草稿,47117,SALES-010,人民为了产品根据国内包括客户.
INQ-20250795-003,CUST-CN00018,2026-04-11,2026-04-21,已评审,11438,SALES-004,你们那些组织资料.
INQ-20250796-001,CUST-CN00014,2026-04-12,2026-04-22,已评审,58738,SALES-005,学校只要首页.
INQ-20250796-002,CUST-CN00013,2026-04-13,2026-04-23,草稿,27407,SALES-002,特别认为一切您的出现朋友.
INQ-20250796-003,CUST-CN00003,2026-04-14,2026-04-24,草稿,70211,SALES-009,阅读文件使用一般.
INQ-20250797-001,CUST-CN00019,2026-04-15,2026-04-25,草稿,29684,SALES-005,成为直接国内运行免费.
INQ-20250797-002,CUST-CN00010,2026-04-16,2026-04-26,草稿,24584,SALES-006,生产相关朋友.
INQ-20250797-003,CUST-CN00018,2026-04-17,2026-04-27,草稿,34689,SALES-009,浏览论坛由于发生.
INQ-20250798-001,CUST-CN00008,2026-04-18,2026-04-28,已评审,23212,SALES-008,为了这些音乐一个.
INQ-20250798-002,CUST-CN00013,2026-04-19,2026-04-29,已评审,65217,SALES-004,管理首页单位.
INQ-20250798-003,CUST-CN00018,2026-04-20,2026-04-30,已评审,50462,SALES-006,电脑搜索文章.
INQ-20250799-001,CUST-CN00008,2026-04-21,2026-05-01,已评审,76024,SALES-005,正在东西对于网站可能.
INQ-20250799-002,CUST-CN00017,2026-04-22,2026-05-02,已评审,43945,SALES-010,时间显示帮助点击公司用户.
INQ-20250799-003,CUST-CN00004,2026-04-23,2026-05-03,已评审,22412,SALES-005,帖子计划更多网站两个.
INQ-202507100-001,CUST-CN00007,2026-04-24,2026-05-04,已评审,62603,SALES-010,影响经营这种研究.
INQ-202507100-002,CUST-CN00005,2026-04-25,2026-05-05,草稿,78527,SALES-010,进入文件电影评论论坛.
INQ-202507100-003,CUST-CN00016,2026-04-26,2026-05-06,草稿,77697,SALES-003,运行一种公司电话大学特别.
INQ-202507101-001,CUST-CN00016,2026-04-27,2026-05-07,草稿,31580,SALES-005,搜索您的今年.
INQ-202507101-002,CUST-CN00002,2026-04-28,2026-05-08,草稿,66063,SALES-001,作者孩子政府数据.
INQ-202507101-003,CUST-CN00007,2026-04-29,2026-05-09,已评审,11654,SALES-001,欢迎一样文章功能.
INQ-202507102-001,CUST-CN00001,2026-04-30,2026-05-10,草稿,47150,SALES-005,一切为什都是喜欢开始一下.
INQ-202507102-002,CUST-CN00016,2026-05-01,2026-05-11,已评审,56221,SALES-004,感觉欢迎方法发现感觉.
INQ-202507102-003,CUST-CN00013,2026-05-02,2026-05-12,已评审,46277,SALES-006,注意目前需要论坛.
INQ-202507103-001,CUST-CN00012,2026-05-03,2026-05-13,草稿,73241,SALES-009,所有支持电脑就是就是.
INQ-202507103-002,CUST-CN00003,2026-05-04,2026-05-14,已评审,75197,SALES-003,已经加入还有起来游戏推荐.
INQ-202507103-003,CUST-CN00015,2026-05-05,2026-05-15,草稿,28653,SALES-010,男人历史选择提高通过.
INQ-202507104-001,CUST-CN00009,2026-05-06,2026-05-16,已评审,32219,SALES-004,大家特别有些工作为什全国.
INQ-202507104-002,CUST-CN00017,2026-05-07,2026-05-17,已评审,76227,SALES-002,参加一样日期最大.
INQ-202507104-003,CUST-CN00009,2026-05-08,2026-05-18,草稿,60830,SALES-007,认为成功生活.
INQ-202507105-001,CUST-CN00010,2026-05-09,2026-05-19,草稿,23050,SALES-009,制作具有新闻.
INQ-202507105-002,CUST-CN00004,2026-05-10,2026-05-20,草稿,23325,SALES-004,来源政府汽车学校.
INQ-202507105-003,CUST-CN00001,2026-05-11,2026-05-21,草稿,31390,SALES-002,会员如果其实在线提供.
INQ-202507106-001,CUST-CN00014,2026-05-12,2026-05-22,已评审,64693,SALES-010,免费特别国家这里最后.
INQ-202507106-002,CUST-CN00005,2026-05-13,2026-05-23,草稿,54884,SALES-006,今天主要直接所以.
INQ-202507106-003,CUST-CN00005,2026-05-14,2026-05-24,已评审,78774,SALES-005,以上工程来源地址应该.
INQ-202507107-001,CUST-CN00005,2026-05-15,2026-05-25,草稿,45919,SALES-005,简介注册记者.
INQ-202507107-002,CUST-CN00003,2026-05-16,2026-05-26,草稿,76228,SALES-010,我的会员就是国际.
INQ-202507107-003,CUST-CN00011,2026-05-17,2026-05-27,草稿,49073,SALES-010,规定完成中心分析名称.
INQ-202507108-001,CUST-CN00004,2026-05-18,2026-05-28,已评审,66329,SALES-003,人民只有工程研究运行学生.
INQ-202507108-002,CUST-CN00006,2026-05-19,2026-05-29,草稿,36276,SALES-003,市场一种合作.
INQ-202507108-003,CUST-CN00007,2026-05-20,2026-05-30,草稿,21934,SALES-010,其实城市美国看到发布事情.
INQ-202507109-001,CUST-CN00001,2026-05-21,2026-05-31,已评审,30113,SALES-001,文章等级我们.
INQ-202507109-002,CUST-CN00008,2026-05-22,2026-06-01,已评审,22989,SALES-005,实现不能技术专业网络.
INQ-202507109-003,CUST-CN00017,2026-05-23,2026-06-02,草稿,40491,SALES-007,我的这样特别人民.
INQ-202507110-001,CUST-CN00002,2026-05-24,2026-06-03,已评审,43700,SALES-002,他们系列推荐.
INQ-202507110-002,CUST-CN00004,2026-05-25,2026-06-04,草稿,16982,SALES-008,完全登录认为之后.
INQ-202507110-003,CUST-CN00007,2026-05-26,2026-06-05,已评审,41994,SALES-005,品牌孩子记者更多.
INQ-202507111-001,CUST-CN00004,2026-05-27,2026-06-06,已评审,31521,SALES-008,服务政府直接目前.
INQ-202507111-002,CUST-CN00015,2026-05-28,2026-06-07,草稿,44523,SALES-010,一定社会查看程序今天.
INQ-202507111-003,CUST-CN00009,2026-05-29,2026-06-08,已评审,74373,SALES-003,应用管理加入.
INQ-202507112-001,CUST-CN00016,2026-05-30,2026-06-09,草稿,37273,SALES-007,到了而且管理地区.
INQ-202507112-002,CUST-CN00004,2026-05-31,2026-06-10,已评审,78413,SALES-006,电影只有业务过程一些包括.
INQ-202507112-003,CUST-CN00003,2026-06-01,2026-06-11,草稿,45225,SALES-004,记者电子合作不同.
INQ-202507113-001,CUST-CN00018,2026-06-02,2026-06-12,草稿,37801,SALES-010,很多什么不会这么不会市场.
INQ-202507113-002,CUST-CN00006,2026-06-03,2026-06-13,已评审,56211,SALES-008,数据方法名称类型.
INQ-202507113-003,CUST-CN00018,2026-06-04,2026-06-14,已评审,68435,SALES-007,为了她的企业信息男人.
INQ-202507114-001,CUST-CN00013,2026-06-05,2026-06-15,已评审,61906,SALES-009,处理系列参加.
INQ-202507114-002,CUST-CN00007,2026-06-06,2026-06-16,草稿,53619,SALES-006,作品法律手机.
INQ-202507114-003,CUST-CN00018,2026-06-07,2026-06-17,已评审,46491,SALES-004,方法处理电话.
INQ-202507115-001,CUST-CN00020,2026-06-08,2026-06-18,已评审,23536,SALES-001,控制还有系统那么.
INQ-202507115-002,CUST-CN00004,2026-06-09,2026-06-19,已评审,76736,SALES-003,生产女人只要.
INQ-202507115-003,CUST-CN00002,2026-06-10,2026-06-20,草稿,43021,SALES-007,人民网上经营不同.
INQ-202507116-001,CUST-CN00005,2026-06-11,2026-06-21,已评审,61316,SALES-004,学校以上两个看到.
INQ-202507116-002,CUST-CN00016,2026-06-12,2026-06-22,已评审,44175,SALES-001,她的企业国际参加出现到了.
INQ-202507116-003,CUST-CN00003,2026-06-13,2026-06-23,已评审,79877,SALES-005,学校来自资源今年完全支持.
INQ-202507117-001,CUST-CN00012,2026-06-14,2026-06-24,草稿,54563,SALES-004,中心特别由于他们影响影响.
INQ-202507117-002,CUST-CN00012,2026-06-15,2026-06-25,已评审,12965,SALES-002,工程我们希望设计.
INQ-202507117-003,CUST-CN00018,2026-06-16,2026-06-26,草稿,49647,SALES-004,到了一下方式时候.
INQ-202507118-001,CUST-CN00015,2026-06-17,2026-06-27,草稿,61075,SALES-003,这些使用由于这是大学简介.
INQ-202507118-002,CUST-CN00009,2026-06-18,2026-06-28,已评审,53182,SALES-009,信息地方就是.
INQ-202507118-003,CUST-CN00007,2026-06-19,2026-06-29,已评审,60461,SALES-001,支持没有关于当然专业.
INQ-202507119-001,CUST-CN00014,2026-06-20,2026-06-30,已评审,10136,SALES-004,为什客户上海相关软件方式.
INQ-202507119-002,CUST-CN00016,2026-06-21,2026-07-01,已评审,10439,SALES-004,日期决定选择之间这些.
INQ-202507119-003,CUST-CN00020,2026-06-22,2026-07-02,草稿,29089,SALES-003,自己东西那些.
INQ-202507120-001,CUST-CN00019,2026-06-23,2026-07-03,已评审,58653,SALES-005,准备朋友威望.
INQ-202507120-002,CUST-CN00008,2026-06-24,2026-07-04,草稿,24286,SALES-010,那些一次因为.
INQ-202507120-003,CUST-CN00006,2026-06-25,2026-07-05,草稿,10300,SALES-006,管理浏览不要.
INQ-202507121-001,CUST-CN00014,2026-06-26,2026-07-06,草稿,38199,SALES-005,社会状态解决搜索问题.
INQ-202507121-002,CUST-CN00015,2026-06-27,2026-07-07,草稿,71696,SALES-003,世界中心可能学习如此.
INQ-202507121-003,CUST-CN00017,2026-06-28,2026-07-08,已评审,10889,SALES-009,为了联系控制.
INQ-202507122-001,CUST-CN00004,2026-06-29,2026-07-09,草稿,58246,SALES-006,发展完全欢迎.
INQ-202507122-002,CUST-CN00009,2026-06-30,2026-07-10,草稿,75608,SALES-010,比较操作各种特别是一不断.
INQ-202507122-003,CUST-CN00006,2026-07-01,2026-07-11,草稿,58230,SALES-010,开发运行因为这个社区.
INQ-202507123-001,CUST-CN00016,2026-07-02,2026-07-12,已评审,31345,SALES-010,但是决定阅读方法.
INQ-202507123-002,CUST-CN00003,2026-07-03,2026-07-13,草稿,45245,SALES-005,日期状态使用.
INQ-202507123-003,CUST-CN00002,2026-07-04,2026-07-14,草稿,25340,SALES-004,以下她的问题系列.
INQ-202507124-001,CUST-CN00003,2026-07-05,2026-07-15,草稿,57014,SALES-009,那么提高活动不是.
INQ-202507124-002,CUST-CN00015,2026-07-06,2026-07-16,已评审,26491,SALES-003,结果安全通过.
INQ-202507124-003,CUST-CN00018,2026-07-07,2026-07-17,草稿,74618,SALES-008,这种生产类别.
INQ-202507125-001,CUST-CN00020,2026-07-08,2026-07-18,已评审,79815,SALES-004,行业作为起来介绍.
INQ-202507125-002,CUST-CN00011,2026-07-09,2026-07-19,草稿,23787,SALES-001,所有但是出现生活提高最新.
INQ-202507125-003,CUST-CN00020,2026-07-10,2026-07-20,草稿,10360,SALES-002,方面什么实现城市.
INQ-202507126-001,CUST-CN00016,2026-07-11,2026-07-21,已评审,66084,SALES-007,一直数据希望电话因为可以.
INQ-202507126-002,CUST-CN00001,2026-07-12,2026-07-22,已评审,34307,SALES-005,名称精华东西东西.
INQ-202507126-003,CUST-CN00005,2026-07-13,2026-07-23,草稿,60174,SALES-003,计划一般图片技术.
INQ-202507127-001,CUST-CN00012,2026-07-14,2026-07-24,已评审,60956,SALES-003,比较最新是否注册积分这是.
INQ-202507127-002,CUST-CN00020,2026-07-15,2026-07-25,草稿,34226,SALES-008,学习方式其实在线如此.
INQ-202507127-003,CUST-CN00002,2026-07-16,2026-07-26,已评审,11923,SALES-009,地址因为方式.
INQ-202507128-001,CUST-CN00005,2026-07-17,2026-07-27,已评审,31389,SALES-006,全部经营发布登录觉得.
INQ-202507128-002,CUST-CN00020,2026-07-18,2026-07-28,已评审,58446,SALES-004,有限帮助等级作者文章这个.
INQ-202507128-003,CUST-CN00018,2026-07-19,2026-07-29,已评审,60821,SALES-005,生产最大公司下载.
INQ-202507129-001,CUST-CN00017,2026-07-20,2026-07-30,草稿,46660,SALES-007,使用市场使用.
INQ-202507129-002,CUST-CN00002,2026-07-21,2026-07-31,草稿,61438,SALES-007,发生只是准备方面服务文章.
INQ-202507129-003,CUST-CN00003,2026-07-22,2026-08-01,已评审,71504,SALES-006,决定标题会员工作.
INQ-202507130-001,CUST-CN00017,2026-07-23,2026-08-02,草稿,13468,SALES-001,公司最后系统看到重要加入.
INQ-202507130-002,CUST-CN00017,2026-07-24,2026-08-03,草稿,75564,SALES-003,发现资源朋友.
INQ-202507130-003,CUST-CN00019,2026-07-25,2026-08-04,草稿,42608,SALES-009,社会科技不要的话一直一些.
INQ-202507131-001,CUST-CN00010,2026-07-26,2026-08-05,草稿,76442,SALES-008,经验你们空间如何评论等级.
INQ-202507131-002,CUST-CN00008,2026-07-27,2026-08-06,草稿,18800,SALES-001,她的目前投资不要本站项目.
INQ-202507131-003,CUST-CN00018,2026-07-28,2026-08-07,已评审,51265,SALES-010,程序关于那个.
INQ-202507132-001,CUST-CN00010,2026-07-29,2026-08-08,草稿,30499,SALES-007,发表可能美国空间.
INQ-202507132-002,CUST-CN00008,2026-07-30,2026-08-09,已评审,38565,SALES-010,时间来源电子只有.
INQ-202507132-003,CUST-CN00008,2026-07-31,2026-08-10,草稿,16483,SALES-008,都是评论不同的话系列留言.
INQ-202507133-001,CUST-CN00015,2026-08-01,2026-08-11,已评审,63101,SALES-008,详细应用准备我们.
INQ-202507133-002,CUST-CN00014,2026-08-02,2026-08-12,已评审,45360,SALES-006,组织可以作为进行因为.
INQ-202507133-003,CUST-CN00001,2026-08-03,2026-08-13,草稿,66568,SALES-004,一个女人免费技术直接.
INQ-202507134-001,CUST-CN00018,2026-08-04,2026-08-14,草稿,46790,SALES-004,任何参加名称全部回复地址.
INQ-202507134-002,CUST-CN00005,2026-08-05,2026-08-15,已评审,14894,SALES-010,学校关于中国.
INQ-202507134-003,CUST-CN00004,2026-08-06,2026-08-16,草稿,44383,SALES-006,但是电话女人个人.
INQ-202507135-001,CUST-CN00003,2026-08-07,2026-08-17,草稿,69129,SALES-005,设计类型经营不会.
INQ-202507135-002,CUST-CN00015,2026-08-08,2026-08-18,已评审,44645,SALES-004,到了一点继续男人.
INQ-202507135-003,CUST-CN00018,2026-08-09,2026-08-19,已评审,33489,SALES-006,欢迎系列电脑过程.
INQ-202507136-001,CUST-CN00003,2026-08-10,2026-08-20,草稿,27589,SALES-006,时候怎么不过制作世界.
INQ-202507136-002,CUST-CN00004,2026-08-11,2026-08-21,已评审,46179,SALES-003,提高中文中心操作可以.
INQ-202507136-003,CUST-CN00001,2026-08-12,2026-08-22,草稿,52546,SALES-010,行业主题内容很多有关.
INQ-202507137-001,CUST-CN00015,2026-08-13,2026-08-23,已评审,63610,SALES-005,威望世界那么.
INQ-202507137-002,CUST-CN00007,2026-08-14,2026-08-24,草稿,46221,SALES-001,阅读虽然可是一些全国.
INQ-202507137-003,CUST-CN00008,2026-08-15,2026-08-25,草稿,58863,SALES-010,但是计划不同.
INQ-202507138-001,CUST-CN00014,2026-08-16,2026-08-26,已评审,49684,SALES-005,类型自己希望所以环境管理.
INQ-202507138-002,CUST-CN00012,2026-08-17,2026-08-27,已评审,18250,SALES-009,等级报告就是经验如何.
INQ-202507138-003,CUST-CN00002,2026-08-18,2026-08-28,已评审,64111,SALES-003,价格发布帖子任何.
INQ-202507139-001,CUST-CN00004,2026-08-19,2026-08-29,草稿,74622,SALES-001,日本网络这是无法相关大学.
INQ-202507139-002,CUST-CN00019,2026-08-20,2026-08-30,草稿,63984,SALES-002,具有网站不断不同人民公司.
INQ-202507139-003,CUST-CN00003,2026-08-21,2026-08-31,草稿,41430,SALES-001,电影公司科技资源.
INQ-202507140-001,CUST-CN00019,2026-08-22,2026-09-01,草稿,65047,SALES-003,帖子世界希望全部朋友程序.
INQ-202507140-002,CUST-CN00017,2026-08-23,2026-09-02,草稿,67282,SALES-009,类别单位说明.
INQ-202507140-003,CUST-CN00018,2026-08-24,2026-09-03,已评审,12458,SALES-010,这里一样不过这里.
INQ-202507141-001,CUST-CN00011,2026-08-25,2026-09-04,已评审,50227,SALES-002,出来的是部门感觉点击.
INQ-202507141-002,CUST-CN00013,2026-08-26,2026-09-05,草稿,75468,SALES-002,论坛成为直接.
INQ-202507141-003,CUST-CN00006,2026-08-27,2026-09-06,已评审,68396,SALES-009,科技国家正在人民公司实现.
INQ-202507142-001,CUST-CN00003,2026-08-28,2026-09-07,已评审,46537,SALES-001,喜欢社会成为觉得对于图片.
INQ-202507142-002,CUST-CN00001,2026-08-29,2026-09-08,已评审,48365,SALES-003,中国内容发生浏览.
INQ-202507142-003,CUST-CN00003,2026-08-30,2026-09-09,草稿,50685,SALES-009,由于如果免费最后怎么.
INQ-202507143-001,CUST-CN00015,2026-08-31,2026-09-10,草稿,27484,SALES-008,政府问题最新这种然后.
INQ-202507143-002,CUST-CN00007,2026-09-01,2026-09-11,已评审,58786,SALES-004,现在开发注意新闻阅读.
INQ-202507143-003,CUST-CN00014,2026-09-02,2026-09-12,草稿,35869,SALES-007,法律电话本站.
INQ-202507144-001,CUST-CN00019,2026-09-03,2026-09-13,草稿,79923,SALES-004,政府所有参加拥有.
INQ-202507144-002,CUST-CN00005,2026-09-04,2026-09-14,草稿,35925,SALES-004,要求问题一些选择.
INQ-202507144-003,CUST-CN00006,2026-09-05,2026-09-15,已评审,50615,SALES-005,因此生活出来结果.
INQ-202507145-001,CUST-CN00014,2026-09-06,2026-09-16,已评审,29144,SALES-001,看到资料数据.
INQ-202507145-002,CUST-CN00017,2026-09-07,2026-09-17,草稿,56032,SALES-003,这是密码资源进行图片正在.
INQ-202507145-003,CUST-CN00017,2026-09-08,2026-09-18,草稿,55831,SALES-009,发展分析准备基本.
INQ-202507146-001,CUST-CN00015,2026-09-09,2026-09-19,草稿,14189,SALES-010,设备因为看到.
INQ-202507146-002,CUST-CN00016,2026-09-10,2026-09-20,已评审,74948,SALES-005,表示更新相关一次数据.
INQ-202507146-003,CUST-CN00017,2026-09-11,2026-09-21,已评审,46909,SALES-002,教育自己参加浏览.
INQ-202507147-001,CUST-CN00008,2026-09-12,2026-09-22,草稿,13604,SALES-009,精华会员电影一定你的.
INQ-202507147-002,CUST-CN00005,2026-09-13,2026-09-23,已评审,24190,SALES-002,或者产品而且论坛他的研究.
INQ-202507147-003,CUST-CN00012,2026-09-14,2026-09-24,草稿,73787,SALES-010,也是类别过程.
INQ-202507148-001,CUST-CN00014,2026-09-15,2026-09-25,已评审,64400,SALES-003,的人公司网站进入次数提高.
INQ-202507148-002,CUST-CN00012,2026-09-16,2026-09-26,草稿,52704,SALES-006,不同关于全国一点设备.
INQ-202507148-003,CUST-CN00008,2026-09-17,2026-09-27,草稿,48772,SALES-006,资源对于回复其他世界发表.
INQ-202507149-001,CUST-CN00015,2026-09-18,2026-09-28,已评审,11099,SALES-010,生产可能教育.
INQ-202507149-002,CUST-CN00015,2026-09-19,2026-09-29,已评审,23050,SALES-010,根据电话威望行业客户.
INQ-202507149-003,CUST-CN00011,2026-09-20,2026-09-30,草稿,62952,SALES-010,其实记者自己文化开始解决.
INQ-202507150-001,CUST-CN00006,2026-09-21,2026-10-01,已评审,25596,SALES-005,组织设备数据企业.
INQ-202507150-002,CUST-CN00020,2026-09-22,2026-10-02,已评审,55968,SALES-009,起来正在日期简介都是学生.
INQ-202507150-003,CUST-CN00006,2026-09-23,2026-10-03,已评审,72341,SALES-005,只要已经的人一切这么.
INQ-202507151-001,CUST-CN00018,2026-09-24,2026-10-04,草稿,30095,SALES-010,社区一次音乐问题关系实现.
INQ-202507151-002,CUST-CN00001,2026-09-25,2026-10-05,已评审,59446,SALES-010,技术行业上海无法.
INQ-202507151-003,CUST-CN00002,2026-09-26,2026-10-06,草稿,57519,SALES-009,状态业务帖子.
INQ-202507152-001,CUST-CN00017,2026-09-27,2026-10-07,已评审,27690,SALES-009,有限各种自己包括.
INQ-202507152-002,CUST-CN00020,2026-09-28,2026-10-08,已评审,68944,SALES-010,今年知道一点.
INQ-202507152-003,CUST-CN00008,2026-09-29,2026-10-09,已评审,60696,SALES-010,以后运行决定.
INQ-202507153-001,CUST-CN00010,2026-09-30,2026-10-10,已评审,36328,SALES-002,威望文章搜索进行有限介绍.
INQ-202507153-002,CUST-CN00002,2026-10-01,2026-10-11,已评审,45889,SALES-010,注册关于包括这个中国.
INQ-202507153-003,CUST-CN00015,2026-10-02,2026-10-12,已评审,71682,SALES-003,方面会员科技.
INQ-202507154-001,CUST-CN00016,2026-10-03,2026-10-13,已评审,17516,SALES-010,电影一些电影推荐.
INQ-202507154-002,CUST-CN00010,2026-10-04,2026-10-14,已评审,55163,SALES-010,发现这个处理看到大小什么.
INQ-202507154-003,CUST-CN00006,2026-10-05,2026-10-15,已评审,36383,SALES-010,今年一样学校评论网上.
INQ-202507155-001,CUST-CN00005,2026-10-06,2026-10-16,已评审,41213,SALES-005,美国支持学习朋友继续市场.
INQ-202507155-002,CUST-CN00006,2026-10-07,2026-10-17,草稿,14410,SALES-010,图片电脑所以我们.
INQ-202507155-003,CUST-CN00003,2026-10-08,2026-10-18,已评审,70088,SALES-002,公司主要科技中文发生分析.
INQ-202507156-001,CUST-CN00018,2026-10-09,2026-10-19,草稿,20117,SALES-003,位置不是无法看到.
INQ-202507156-002,CUST-CN00003,2026-10-10,2026-10-20,已评审,46492,SALES-008,电脑的话音乐.
INQ-202507156-003,CUST-CN00011,2026-10-11,2026-10-21,草稿,26505,SALES-001,作者发表这里谢谢地方工程.
INQ-202507157-001,CUST-CN00003,2026-10-12,2026-10-22,草稿,43540,SALES-007,介绍研究报告.
INQ-202507157-002,CUST-CN00006,2026-10-13,2026-10-23,草稿,44731,SALES-007,一直得到是一.
INQ-202507157-003,CUST-CN00010,2026-10-14,2026-10-24,已评审,17924,SALES-010,因此最新因此.
INQ-202507158-001,CUST-CN00017,2026-10-15,2026-10-25,草稿,20273,SALES-006,有限密码不能查看很多.
INQ-202507158-002,CUST-CN00010,2026-10-16,2026-10-26,草稿,54464,SALES-004,得到参加单位为什问题.
INQ-202507158-003,CUST-CN00005,2026-10-17,2026-10-27,已评审,48879,SALES-010,完成标题那么方式客户游戏.
INQ-202507159-001,CUST-CN00020,2026-10-18,2026-10-28,草稿,61828,SALES-006,空间进入上海提供是否.
INQ-202507159-002,CUST-CN00011,2026-10-19,2026-10-29,草稿,46355,SALES-007,这是电脑运行知道相关说明威望.
INQ-202507159-003,CUST-CN00015,2026-10-20,2026-10-30,已评审,48155,SALES-006,这里过程男人名称进行中国.
INQ-202507160-001,CUST-CN00014,2026-10-21,2026-10-31,草稿,11089,SALES-006,帮助计划管理.
INQ-202507160-002,CUST-CN00001,2026-10-22,2026-11-01,草稿,48398,SALES-010,免费但是人员.
INQ-202507160-003,CUST-CN00007,2026-10-23,2026-11-02,草稿,65389,SALES-002,对于所以详细经济为什.
INQ-202507161-001,CUST-CN00015,2026-10-24,2026-11-03,已评审,73723,SALES-003,影响现在关于.
INQ-202507161-002,CUST-CN00008,2026-10-25,2026-11-04,草稿,51084,SALES-006,工程经济威望信息市场.
INQ-202507161-003,CUST-CN00005,2026-10-26,2026-11-05,草稿,28741,SALES-008,希望继续合作只有免费.
INQ-202507162-001,CUST-CN00011,2026-10-27,2026-11-06,草稿,59581,SALES-003,得到非常安全.
INQ-202507162-002,CUST-CN00020,2026-10-28,2026-11-07,已评审,67222,SALES-010,方法其中手机品牌一定下载.
INQ-202507162-003,CUST-CN00018,2026-10-29,2026-11-08,已评审,71895,SALES-003,时候运行查看.
INQ-202507163-001,CUST-CN00013,2026-10-30,2026-11-09,已评审,46416,SALES-003,非常文件非常投资全部.
INQ-202507163-002,CUST-CN00014,2026-10-31,2026-11-10,草稿,72676,SALES-003,手机继续时间我的表示品牌.
INQ-202507163-003,CUST-CN00010,2026-11-01,2026-11-11,草稿,23617,SALES-005,全国影响网站准备增加一切.
INQ-202507164-001,CUST-CN00013,2026-11-02,2026-11-12,草稿,25437,SALES-008,标题社区查看记者任何使用.
INQ-202507164-002,CUST-CN00018,2026-11-03,2026-11-13,已评审,63797,SALES-006,电子没有一直今年销售不断.
INQ-202507164-003,CUST-CN00003,2026-11-04,2026-11-14,草稿,68558,SALES-006,继续建设评论解决企业.
INQ-202507165-001,CUST-CN00018,2026-11-05,2026-11-15,草稿,23424,SALES-009,一种报告登录人员安全方式.
INQ-202507165-002,CUST-CN00009,2026-11-06,2026-11-16,草稿,41303,SALES-008,积分的话企业男人语言表示.
INQ-202507165-003,CUST-CN00009,2026-11-07,2026-11-17,草稿,68430,SALES-008,你们有限等级还有数据发表.
INQ-202507166-001,CUST-CN00004,2026-11-08,2026-11-18,已评审,52027,SALES-009,上海已经威望不是大学可能.
INQ-202507166-002,CUST-CN00020,2026-11-09,2026-11-19,草稿,40244,SALES-008,这种工具合作一样目前.
INQ-202507166-003,CUST-CN00012,2026-11-10,2026-11-20,已评审,62252,SALES-005,无法学习今天设备.
INQ-202507167-001,CUST-CN00016,2026-11-11,2026-11-21,草稿,22241,SALES-009,只要分析详细.
INQ-202507167-002,CUST-CN00012,2026-11-12,2026-11-22,已评审,27954,SALES-001,内容控制大学简介一起其中.
INQ-202507167-003,CUST-CN00015,2026-11-13,2026-11-23,草稿,29663,SALES-003,类型最大学习方式时候图片.
INQ-202507168-001,CUST-CN00020,2026-11-14,2026-11-24,草稿,35182,SALES-001,喜欢国内原因阅读他的.
INQ-202507168-002,CUST-CN00003,2026-11-15,2026-11-25,草稿,26442,SALES-007,一种因此系统服务全部发生.
INQ-202507168-003,CUST-CN00006,2026-11-16,2026-11-26,草稿,75249,SALES-004,因此过程美国需要一切.
INQ-202507169-001,CUST-CN00001,2026-11-17,2026-11-27,草稿,76304,SALES-005,全部一定企业作品.
INQ-202507169-002,CUST-CN00020,2026-11-18,2026-11-28,草稿,48882,SALES-009,一个帮助下载方面.
INQ-202507169-003,CUST-CN00006,2026-11-19,2026-11-29,已评审,57566,SALES-002,怎么企业密码法律觉得增加.
INQ-202507170-001,CUST-CN00011,2026-11-20,2026-11-30,已评审,53247,SALES-007,提供国家文章时候.
INQ-202507170-002,CUST-CN00003,2026-11-21,2026-12-01,已评审,12901,SALES-009,操作日期开发他们我的.
INQ-202507170-003,CUST-CN00001,2026-11-22,2026-12-02,草稿,46148,SALES-002,无法这些留言之间.
INQ-202507171-001,CUST-CN00013,2026-11-23,2026-12-03,已评审,38240,SALES-003,可是部门更多.
INQ-202507171-002,CUST-CN00004,2026-11-24,2026-12-04,草稿,79743,SALES-007,标准语言客户.
INQ-202507171-003,CUST-CN00009,2026-11-25,2026-12-05,已评审,21544,SALES-009,同时过程主要部分中心.
INQ-202507172-001,CUST-CN00007,2026-11-26,2026-12-06,已评审,79057,SALES-008,工程由于这些.
INQ-202507172-002,CUST-CN00005,2026-11-27,2026-12-07,已评审,35875,SALES-006,生产说明非常世界主题.
INQ-202507172-003,CUST-CN00003,2026-11-28,2026-12-08,已评审,66144,SALES-001,搜索因此行业.
INQ-202507173-001,CUST-CN00007,2026-11-29,2026-12-09,草稿,15983,SALES-005,内容提供要求论坛可以希望.
INQ-202507173-002,CUST-CN00017,2026-11-30,2026-12-10,草稿,33890,SALES-002,作者中心方面有关活动.
INQ-202507173-003,CUST-CN00008,2026-12-01,2026-12-11,草稿,67754,SALES-010,只要注册特别.
INQ-202507174-001,CUST-CN00011,2026-12-02,2026-12-12,草稿,49221,SALES-006,她的你的不会.
INQ-202507174-002,CUST-CN00014,2026-12-03,2026-12-13,已评审,68807,SALES-002,具有注意系统然后显示.
INQ-202507174-003,CUST-CN00009,2026-12-04,2026-12-14,已评审,71459,SALES-002,资源经济东西方式.
INQ-202507175-001,CUST-CN00003,2026-12-05,2026-12-15,已评审,35771,SALES-004,只是控制设备.
INQ-202507175-002,CUST-CN00016,2026-12-06,2026-12-16,已评审,12613,SALES-005,安全重要经营环境软件说明.
INQ-202507175-003,CUST-CN00011,2026-12-07,2026-12-17,已评审,32729,SALES-009,人员服务客户为什深圳下载.
INQ-202507176-001,CUST-CN00008,2026-12-08,2026-12-18,已评审,57060,SALES-001,空间什么学生威望一些.
INQ-202507176-002,CUST-CN00019,2026-12-09,2026-12-19,草稿,11974,SALES-002,现在登录市场但是浏览一起.
INQ-202507176-003,CUST-CN00016,2026-12-10,2026-12-20,草稿,18776,SALES-007,成功为了注意这个.
INQ-202507177-001,CUST-CN00015,2026-12-11,2026-12-21,已评审,49523,SALES-009,介绍联系最大这个.
INQ-202507177-002,CUST-CN00007,2026-12-12,2026-12-22,已评审,48393,SALES-006,比较那么地区成功.
INQ-202507177-003,CUST-CN00009,2026-12-13,2026-12-23,已评审,14822,SALES-002,显示内容他们.
INQ-202507178-001,CUST-CN00015,2026-12-14,2026-12-24,草稿,77772,SALES-003,计划最大运行东西.
INQ-202507178-002,CUST-CN00010,2026-12-15,2026-12-25,草稿,76901,SALES-008,还有国际孩子.
INQ-202507178-003,CUST-CN00003,2026-12-16,2026-12-26,草稿,25565,SALES-004,方法位置非常发表设计市场.
INQ-202507179-001,CUST-CN00004,2026-12-17,2026-12-27,草稿,47513,SALES-007,法律不能作品用户喜欢无法.
INQ-202507179-002,CUST-CN00002,2026-12-18,2026-12-28,草稿,40068,SALES-004,拥有美国个人社会.
INQ-202507179-003,CUST-CN00018,2026-12-19,2026-12-29,已评审,27234,SALES-005,网络包括名称.
INQ-202507180-001,CUST-CN00007,2026-12-20,2026-12-30,已评审,62025,SALES-005,自己特别公司情况原因加入.
INQ-202507180-002,CUST-CN00016,2026-12-21,2026-12-31,已评审,22707,SALES-002,系统查看得到.
INQ-202507180-003,CUST-CN00010,2026-12-22,2027-01-01,已评审,45933,SALES-010,问题能力制作开始.
INQ-202507181-001,CUST-CN00001,2026-12-23,2027-01-02,草稿,50552,SALES-005,注意日期大小政府使用不过.
INQ-202507181-002,CUST-CN00012,2026-12-24,2027-01-03,草稿,55100,SALES-003,人民他们产品工作.
INQ-202507181-003,CUST-CN00013,2026-12-25,2027-01-04,已评审,47740,SALES-010,的是出来通过这里.
INQ-202507182-001,CUST-CN00003,2026-12-26,2027-01-05,草稿,37212,SALES-004,全国需要一些需要.
INQ-202507182-002,CUST-CN00015,2026-12-27,2027-01-06,草稿,47748,SALES-010,喜欢类型很多部门城市.
INQ-202507182-003,CUST-CN00017,2026-12-28,2027-01-07,已评审,56371,SALES-009,决定研究图片喜欢关系帮助.
INQ-202507183-001,CUST-CN00011,2026-12-29,2027-01-08,已评审,21971,SALES-005,本站成为其他.
INQ-202507183-002,CUST-CN00002,2026-12-30,2027-01-09,已评审,50048,SALES-007,经营我的电话.
INQ-202507183-003,CUST-CN00006,2026-12-31,2027-01-10,已评审,36791,SALES-009,但是孩子帮助服务提供.
INQ-202507184-001,CUST-CN00018,2027-01-01,2027-01-11,草稿,27772,SALES-008,也是合作情况地址.
INQ-202507184-002,CUST-CN00012,2027-01-02,2027-01-12,草稿,72447,SALES-006,成功标题回复首页联系也是.
INQ-202507184-003,CUST-CN00012,2027-01-03,2027-01-13,草稿,74694,SALES-004,经济很多一直.
INQ-202507185-001,CUST-CN00004,2027-01-04,2027-01-14,已评审,63621,SALES-010,不同留言电脑会员.
INQ-202507185-002,CUST-CN00016,2027-01-05,2027-01-15,草稿,76980,SALES-008,全国已经电话.
INQ-202507185-003,CUST-CN00008,2027-01-06,2027-01-16,已评审,55358,SALES-002,孩子地区使用支持.
INQ-202507186-001,CUST-CN00013,2027-01-07,2027-01-17,草稿,16033,SALES-007,发表安全免费能够.
INQ-202507186-002,CUST-CN00019,2027-01-08,2027-01-18,草稿,42851,SALES-005,最大环境这种这么安全.
INQ-202507186-003,CUST-CN00017,2027-01-09,2027-01-19,已评审,65101,SALES-004,以后中心如何电影关于发现电子.
INQ-202507187-001,CUST-CN00015,2027-01-10,2027-01-20,已评审,34619,SALES-009,大小积分无法不会.
INQ-202507187-002,CUST-CN00008,2027-01-11,2027-01-21,草稿,15730,SALES-003,目前处理工作状态那么目前.
INQ-202507187-003,CUST-CN00016,2027-01-12,2027-01-22,已评审,78007,SALES-007,特别欢迎影响解决基本基本.
INQ-202507188-001,CUST-CN00013,2027-01-13,2027-01-23,草稿,70231,SALES-001,专业法律只要.
INQ-202507188-002,CUST-CN00009,2027-01-14,2027-01-24,已评审,46587,SALES-007,这个电子名称历史.
INQ-202507188-003,CUST-CN00002,2027-01-15,2027-01-25,已评审,31049,SALES-008,标准进行搜索地址怎么.
INQ-202507189-001,CUST-CN00009,2027-01-16,2027-01-26,草稿,52363,SALES-002,来源首页特别主要一次来源那些.
INQ-202507189-002,CUST-CN00014,2027-01-17,2027-01-27,已评审,35401,SALES-003,一些提高为什.
INQ-202507189-003,CUST-CN00012,2027-01-18,2027-01-28,草稿,24875,SALES-001,表示已经美国.
INQ-202507190-001,CUST-CN00010,2027-01-19,2027-01-29,草稿,77769,SALES-001,电影希望发生.
INQ-202507190-002,CUST-CN00011,2027-01-20,2027-01-30,已评审,40351,SALES-007,全国介绍所以今年.
INQ-202507190-003,CUST-CN00011,2027-01-21,2027-01-31,草稿,40179,SALES-003,孩子完全学校以及.
INQ-202507191-001,CUST-CN00001,2027-01-22,2027-02-01,已评审,22627,SALES-002,计划还有组织销售使用.
INQ-202507191-002,CUST-CN00012,2027-01-23,2027-02-02,草稿,68944,SALES-005,直接内容说明.
INQ-202507191-003,CUST-CN00014,2027-01-24,2027-02-03,草稿,18604,SALES-006,完成过程来源推荐工程然后.
INQ-202507192-001,CUST-CN00013,2027-01-25,2027-02-04,已评审,72110,SALES-009,文章社会朋友.
INQ-202507192-002,CUST-CN00010,2027-01-26,2027-02-05,草稿,36307,SALES-005,城市发展一般分析.
INQ-202507192-003,CUST-CN00006,2027-01-27,2027-02-06,已评审,72337,SALES-005,最新主要无法成功一下.
INQ-202507193-001,CUST-CN00011,2027-01-28,2027-02-07,草稿,68426,SALES-004,朋友回复企业语言的人.
INQ-202507193-002,CUST-CN00003,2027-01-29,2027-02-08,已评审,43669,SALES-006,基本手机网站如何.
INQ-202507193-003,CUST-CN00020,2027-01-30,2027-02-09,草稿,15180,SALES-005,注意提供任何运行.
INQ-202507194-001,CUST-CN00013,2027-01-31,2027-02-10,已评审,22729,SALES-010,品牌提供这些完全论坛产品.
INQ-202507194-002,CUST-CN00001,2027-02-01,2027-02-11,已评审,53602,SALES-010,而且电脑一种.
INQ-202507194-003,CUST-CN00009,2027-02-02,2027-02-12,草稿,29743,SALES-004,规定生活历史组织.
INQ-202507195-001,CUST-CN00005,2027-02-03,2027-02-13,已评审,61717,SALES-010,到了活动本站安全.
INQ-202507195-002,CUST-CN00012,2027-02-04,2027-02-14,已评审,16297,SALES-008,精华大学不同服务次数最大.
INQ-202507195-003,CUST-CN00007,2027-02-05,2027-02-15,草稿,59252,SALES-005,这些公司其中那些.
INQ-202507196-001,CUST-CN00007,2027-02-06,2027-02-16,已评审,62555,SALES-002,质量开始目前发表生活投资.
INQ-202507196-002,CUST-CN00010,2027-02-07,2027-02-17,已评审,65776,SALES-002,公司上海进行不会信息大学.
INQ-202507196-003,CUST-CN00011,2027-02-08,2027-02-18,草稿,59925,SALES-001,世界查看企业全部工程价格.
INQ-202507197-001,CUST-CN00019,2027-02-09,2027-02-19,草稿,45954,SALES-010,只是等级可是本站.
INQ-202507197-002,CUST-CN00014,2027-02-10,2027-02-20,已评审,76031,SALES-007,社区类型计划成功.
INQ-202507197-003,CUST-CN00014,2027-02-11,2027-02-21,已评审,49367,SALES-007,规定如何显示作品音乐新闻.
INQ-202507198-001,CUST-CN00017,2027-02-12,2027-02-22,已评审,65331,SALES-004,北京完成上海美国电脑非常.
INQ-202507198-002,CUST-CN00014,2027-02-13,2027-02-23,已评审,11202,SALES-006,电脑工程显示能够.
INQ-202507198-003,CUST-CN00011,2027-02-14,2027-02-24,已评审,66397,SALES-010,本站要求这里阅读.
INQ-202507199-001,CUST-CN00012,2027-02-15,2027-02-25,已评审,45195,SALES-007,一般那个地区我们那么.
INQ-202507199-002,CUST-CN00004,2027-02-16,2027-02-26,草稿,19593,SALES-009,设备设备出现.
INQ-202507199-003,CUST-CN00005,2027-02-17,2027-02-27,草稿,46835,SALES-010,如此留言位置主要会员.
INQ-202507200-001,CUST-CN00001,2027-02-18,2027-02-28,草稿,21766,SALES-004,标准历史简介.
INQ-202507200-002,CUST-CN00016,2027-02-19,2027-03-01,已评审,51180,SALES-009,类型网上得到关于部门我们.
INQ-202507200-003,CUST-CN00010,2027-02-20,2027-03-02,已评审,64032,SALES-001,帖子这个没有方面.
INQ-202507201-001,CUST-CN00013,2027-02-21,2027-03-03,已评审,17546,SALES-006,次数开始历史自己正在.
INQ-202507201-002,CUST-CN00002,2027-02-22,2027-03-04,已评审,72413,SALES-002,到了喜欢必须责任.
INQ-202507201-003,CUST-CN00013,2027-02-23,2027-03-05,草稿,39287,SALES-001,知道操作密码.
INQ-202507202-001,CUST-CN00016,2027-02-24,2027-03-06,已评审,21452,SALES-008,全部企业注册所以类型公司.
INQ-202507202-002,CUST-CN00012,2027-02-25,2027-03-07,已评审,69906,SALES-001,一般日本发布.
INQ-202507202-003,CUST-CN00013,2027-02-26,2027-03-08,草稿,13987,SALES-004,服务方式他的公司.
INQ-202507203-001,CUST-CN00011,2027-02-27,2027-03-09,草稿,45698,SALES-004,标题这样由于点击由于中文.
INQ-202507203-002,CUST-CN00008,2027-02-28,2027-03-10,已评审,50707,SALES-006,功能同时时间.
INQ-202507203-003,CUST-CN00003,2027-03-01,2027-03-11,已评审,54720,SALES-006,来自研究说明精华.
INQ-202507204-001,CUST-CN00016,2027-03-02,2027-03-12,草稿,19320,SALES-008,使用重要成功但是之后设计.
INQ-202507204-002,CUST-CN00008,2027-03-03,2027-03-13,草稿,36748,SALES-005,威望包括计划规定资料积分.
INQ-202507204-003,CUST-CN00018,2027-03-04,2027-03-14,草稿,40322,SALES-004,这里查看一直还有.
INQ-202507205-001,CUST-CN00020,2027-03-05,2027-03-15,已评审,67272,SALES-009,状态有关积分活动.
INQ-202507205-002,CUST-CN00017,2027-03-06,2027-03-16,已评审,32322,SALES-003,系统责任世界程序.
INQ-202507205-003,CUST-CN00020,2027-03-07,2027-03-17,已评审,67152,SALES-010,以后决定联系.
INQ-202507206-001,CUST-CN00018,2027-03-08,2027-03-18,草稿,60929,SALES-003,系统为了数据地方而且.
INQ-202507206-002,CUST-CN00016,2027-03-09,2027-03-19,已评审,50765,SALES-001,新闻提供如此浏览.
INQ-202507206-003,CUST-CN00008,2027-03-10,2027-03-20,已评审,65887,SALES-008,处理资料全国.
INQ-202507207-001,CUST-CN00020,2027-03-11,2027-03-21,已评审,52203,SALES-007,你们一定作为解决中心.
INQ-202507207-002,CUST-CN00011,2027-03-12,2027-03-22,草稿,33757,SALES-010,有些她的日期.
INQ-202507207-003,CUST-CN00009,2027-03-13,2027-03-23,已评审,15289,SALES-008,精华查看男人希望直接.
INQ-202507208-001,CUST-CN00008,2027-03-14,2027-03-24,已评审,35245,SALES-006,中文安全语言主题更新.
INQ-202507208-002,CUST-CN00010,2027-03-15,2027-03-25,已评审,29552,SALES-007,自己这是觉得设备已经.
INQ-202507208-003,CUST-CN00008,2027-03-16,2027-03-26,草稿,67847,SALES-006,结果以后影响类型还是.
INQ-202507209-001,CUST-CN00017,2027-03-17,2027-03-27,草稿,11866,SALES-006,提高来源管理之间比较城市.
INQ-202507209-002,CUST-CN00018,2027-03-18,2027-03-28,已评审,38114,SALES-006,标准一点拥有不断.
INQ-202507209-003,CUST-CN00012,2027-03-19,2027-03-29,草稿,68833,SALES-009,一切商品方法大学问题生活.
INQ-202507210-001,CUST-CN00004,2027-03-20,2027-03-30,已评审,77939,SALES-004,可能必须日本.
INQ-202507210-002,CUST-CN00005,2027-03-21,2027-03-31,草稿,65295,SALES-008,标准部门主要不同软件因此.
INQ-202507210-003,CUST-CN00012,2027-03-22,2027-04-01,已评审,36305,SALES-006,是否运行处理组织联系日本.
INQ-202507211-001,CUST-CN00020,2027-03-23,2027-04-02,草稿,17581,SALES-008,投资图片电影空间.
INQ-202507211-002,CUST-CN00002,2027-03-24,2027-04-03,草稿,35152,SALES-002,就是音乐工作根据.
INQ-202507211-003,CUST-CN00005,2027-03-25,2027-04-04,已评审,35814,SALES-009,结果起来成为学生国内.
INQ-202507212-001,CUST-CN00014,2027-03-26,2027-04-05,草稿,17094,SALES-010,或者都是相关表示我的资源.
INQ-202507212-002,CUST-CN00008,2027-03-27,2027-04-06,已评审,50940,SALES-005,而且经营她的.
INQ-202507212-003,CUST-CN00009,2027-03-28,2027-04-07,草稿,46476,SALES-002,服务作品专业还是实现.
INQ-202507213-001,CUST-CN00019,2027-03-29,2027-04-08,草稿,41958,SALES-010,设计制作不会有限任何看到.
INQ-202507213-002,CUST-CN00017,2027-03-30,2027-04-09,草稿,26322,SALES-002,一点知道项目帮助具有.
INQ-202507213-003,CUST-CN00015,2027-03-31,2027-04-10,已评审,52013,SALES-007,主要中心企业如此这是.
INQ-202507214-001,CUST-CN00013,2027-04-01,2027-04-11,已评审,40251,SALES-002,时间系列国际.
INQ-202507214-002,CUST-CN00002,2027-04-02,2027-04-12,草稿,13256,SALES-009,用户发表认为历史是一.
INQ-202507214-003,CUST-CN00015,2027-04-03,2027-04-13,已评审,22063,SALES-010,标题公司主题一切重要.
INQ-202507215-001,CUST-CN00002,2027-04-04,2027-04-14,已评审,44263,SALES-008,有限提高的是.
INQ-202507215-002,CUST-CN00006,2027-04-05,2027-04-15,草稿,49452,SALES-010,历史国家你们如何.
INQ-202507215-003,CUST-CN00020,2027-04-06,2027-04-16,已评审,46023,SALES-008,当然表示经验.
INQ-202507216-001,CUST-CN00012,2027-04-07,2027-04-17,已评审,24717,SALES-003,数据控制资源规定时候规定.
INQ-202507216-002,CUST-CN00007,2027-04-08,2027-04-18,已评审,19486,SALES-005,评论会员客户使用不会的人.
INQ-202507216-003,CUST-CN00019,2027-04-09,2027-04-19,已评审,57754,SALES-004,点击一种主要.
INQ-202507217-001,CUST-CN00008,2027-04-10,2027-04-20,草稿,52231,SALES-001,广告有限专业作为.
INQ-202507217-002,CUST-CN00001,2027-04-11,2027-04-21,草稿,16532,SALES-003,已经谢谢看到自己起来.
INQ-202507217-003,CUST-CN00015,2027-04-12,2027-04-22,已评审,62074,SALES-007,下载由于发布广告加入.
INQ-202507218-001,CUST-CN00014,2027-04-13,2027-04-23,草稿,63523,SALES-004,原因你们网站.
INQ-202507218-002,CUST-CN00001,2027-04-14,2027-04-24,草稿,12165,SALES-003,更新只要空间我们不能商品.
INQ-202507218-003,CUST-CN00012,2027-04-15,2027-04-25,草稿,26296,SALES-008,已经进入作为美国.
INQ-202507219-001,CUST-CN00019,2027-04-16,2027-04-26,草稿,19274,SALES-006,作为会员文件回复.
INQ-202507219-002,CUST-CN00016,2027-04-17,2027-04-27,已评审,55039,SALES-008,都是其他数据不同.
INQ-202507219-003,CUST-CN00003,2027-04-18,2027-04-28,已评审,34839,SALES-009,在线国际会员.
INQ-202507220-001,CUST-CN00016,2027-04-19,2027-04-29,已评审,51468,SALES-005,评论不要增加文件发生.
INQ-202507220-002,CUST-CN00004,2027-04-20,2027-04-30,草稿,13244,SALES-009,注意电话日期说明文化.
INQ-202507220-003,CUST-CN00002,2027-04-21,2027-05-01,草稿,24305,SALES-006,然后男人能够组织威望.
INQ-202507221-001,CUST-CN00015,2027-04-22,2027-05-02,草稿,77957,SALES-005,北京对于有关影响今天发生.
INQ-202507221-002,CUST-CN00006,2027-04-23,2027-05-03,已评审,52007,SALES-010,销售有限或者工具单位评论.
INQ-202507221-003,CUST-CN00004,2027-04-24,2027-05-04,草稿,63272,SALES-004,方面时间教育标题.
INQ-202507222-001,CUST-CN00003,2027-04-25,2027-05-05,草稿,12133,SALES-003,今年他的作者联系拥有详细.
INQ-202507222-002,CUST-CN00001,2027-04-26,2027-05-06,草稿,31667,SALES-003,喜欢是一必须.
INQ-202507222-003,CUST-CN00020,2027-04-27,2027-05-07,已评审,70005,SALES-009,看到电子电话完全.
INQ-202507223-001,CUST-CN00001,2027-04-28,2027-05-08,已评审,36750,SALES-007,一般方式首页深圳作者.
INQ-202507223-002,CUST-CN00005,2027-04-29,2027-05-09,草稿,33697,SALES-008,数据一起联系.
INQ-202507223-003,CUST-CN00015,2027-04-30,2027-05-10,草稿,52351,SALES-002,信息发表网上出来关于.
INQ-202507224-001,CUST-CN00020,2027-05-01,2027-05-11,已评审,61449,SALES-002,只是就是女人认为最新会员.
INQ-202507224-002,CUST-CN00009,2027-05-02,2027-05-12,已评审,42463,SALES-009,部门深圳开发注册只是解决.
INQ-202507224-003,CUST-CN00015,2027-05-03,2027-05-13,已评审,62613,SALES-008,使用大学日本汽车.
INQ-202507225-001,CUST-CN00003,2027-05-04,2027-05-14,草稿,39734,SALES-010,这么运行这些当然品牌.
INQ-202507225-002,CUST-CN00020,2027-05-05,2027-05-15,已评审,70026,SALES-001,美国市场增加环境.
INQ-202507225-003,CUST-CN00020,2027-05-06,2027-05-16,已评审,24345,SALES-010,记者公司大家免费.
INQ-202507226-001,CUST-CN00012,2027-05-07,2027-05-17,已评审,33810,SALES-001,销售也是其实不能.
INQ-202507226-002,CUST-CN00019,2027-05-08,2027-05-18,草稿,31954,SALES-002,投资您的中心时候.
INQ-202507226-003,CUST-CN00004,2027-05-09,2027-05-19,草稿,38316,SALES-007,电子使用状态说明程序详细.
INQ-202507227-001,CUST-CN00015,2027-05-10,2027-05-20,已评审,40024,SALES-005,地方那么地方操作但是.
INQ-202507227-002,CUST-CN00002,2027-05-11,2027-05-21,已评审,35081,SALES-010,搜索正在来源可能继续应用.
INQ-202507227-003,CUST-CN00006,2027-05-12,2027-05-22,已评审,74844,SALES-008,问题作品工具.
INQ-202507228-001,CUST-CN00019,2027-05-13,2027-05-23,已评审,50358,SALES-005,知道规定学习自己.
INQ-202507228-002,CUST-CN00016,2027-05-14,2027-05-24,已评审,40941,SALES-002,工程记者发展经营.
INQ-202507228-003,CUST-CN00010,2027-05-15,2027-05-25,已评审,14214,SALES-008,欢迎大学项目.
INQ-202507229-001,CUST-CN00001,2027-05-16,2027-05-26,已评审,67426,SALES-008,事情你的会员大家那么显示.
INQ-202507229-002,CUST-CN00012,2027-05-17,2027-05-27,草稿,50649,SALES-005,那个管理状态进入谢谢.
INQ-202507229-003,CUST-CN00003,2027-05-18,2027-05-28,草稿,39521,SALES-001,下载浏览大学.
INQ-202507230-001,CUST-CN00019,2027-05-19,2027-05-29,草稿,63010,SALES-002,目前经验工程经验.
INQ-202507230-002,CUST-CN00016,2027-05-20,2027-05-30,草稿,57784,SALES-009,数据会员说明.
INQ-202507230-003,CUST-CN00017,2027-05-21,2027-05-31,草稿,13376,SALES-005,你的帮助音乐.
INQ-202507231-001,CUST-CN00008,2027-05-22,2027-06-01,已评审,51108,SALES-010,公司基本业务那些详细电子.
INQ-202507231-002,CUST-CN00017,2027-05-23,2027-06-02,已评审,73098,SALES-009,中国能够环境.
INQ-202507231-003,CUST-CN00012,2027-05-24,2027-06-03,草稿,72891,SALES-001,电脑设计结果以上.
INQ-202507232-001,CUST-CN00006,2027-05-25,2027-06-04,已评审,51233,SALES-005,一种表示感觉不会管理管理.
INQ-202507232-002,CUST-CN00020,2027-05-26,2027-06-05,已评审,66697,SALES-002,进行只有人民如何.
INQ-202507232-003,CUST-CN00014,2027-05-27,2027-06-06,已评审,16629,SALES-005,最新企业在线用户.
INQ-202507233-001,CUST-CN00005,2027-05-28,2027-06-07,草稿,50663,SALES-006,评论全国直接.
INQ-202507233-002,CUST-CN00008,2027-05-29,2027-06-08,草稿,77752,SALES-001,只要以后一般汽车.
INQ-202507233-003,CUST-CN00019,2027-05-30,2027-06-09,已评审,30707,SALES-005,以后国内我的感觉.
INQ-202507234-001,CUST-CN00006,2027-05-31,2027-06-10,已评审,41753,SALES-006,精华原因地区.
INQ-202507234-002,CUST-CN00013,2027-06-01,2027-06-11,草稿,57833,SALES-009,产品你的市场提供.
INQ-202507234-003,CUST-CN00009,2027-06-02,2027-06-12,草稿,46035,SALES-006,开始登录主题.
INQ-202507235-001,CUST-CN00016,2027-06-03,2027-06-13,已评审,45183,SALES-003,语言音乐当然功能有些.
INQ-202507235-002,CUST-CN00002,2027-06-04,2027-06-14,已评审,71135,SALES-002,新闻由于然后系统什么首页.
INQ-202507235-003,CUST-CN00010,2027-06-05,2027-06-15,已评审,39871,SALES-001,这个介绍所有记者支持语言.
INQ-202507236-001,CUST-CN00014,2027-06-06,2027-06-16,草稿,39937,SALES-008,必须主要事情就是最大需要.
INQ-202507236-002,CUST-CN00005,2027-06-07,2027-06-17,草稿,63526,SALES-006,标题虽然本站研究来源帖子.
INQ-202507236-003,CUST-CN00004,2027-06-08,2027-06-18,草稿,39275,SALES-005,注意你们这里.
INQ-202507237-001,CUST-CN00020,2027-06-09,2027-06-19,草稿,22380,SALES-002,由于为了最后男人提高两个.
INQ-202507237-002,CUST-CN00014,2027-06-10,2027-06-20,已评审,74452,SALES-010,现在支持首页注意.
INQ-202507237-003,CUST-CN00014,2027-06-11,2027-06-21,已评审,75902,SALES-001,科技设计分析欢迎人民今天.
INQ-202507238-001,CUST-CN00010,2027-06-12,2027-06-22,草稿,37839,SALES-006,目前包括进入进行.
INQ-202507238-002,CUST-CN00001,2027-06-13,2027-06-23,草稿,19749,SALES-004,简介具有帖子应该工程.
INQ-202507238-003,CUST-CN00007,2027-06-14,2027-06-24,草稿,42435,SALES-005,现在成为主要网络感觉主要.
INQ-202507239-001,CUST-CN00002,2027-06-15,2027-06-25,草稿,40554,SALES-006,品牌正在名称精华特别或者.
INQ-202507239-002,CUST-CN00008,2027-06-16,2027-06-26,已评审,12492,SALES-003,当然的人威望全部.
INQ-202507239-003,CUST-CN00018,2027-06-17,2027-06-27,草稿,10447,SALES-008,运行联系部分根据为了.
INQ-202507240-001,CUST-CN00010,2027-06-18,2027-06-28,已评审,40976,SALES-007,非常一般只有全国问题由于.
INQ-202507240-002,CUST-CN00005,2027-06-19,2027-06-29,草稿,59633,SALES-009,文件商品精华正在.
INQ-202507240-003,CUST-CN00018,2027-06-20,2027-06-30,草稿,79448,SALES-004,点击大小也是.
INQ-202507241-001,CUST-CN00010,2027-06-21,2027-07-01,草稿,21921,SALES-004,密码一个一点大学.
INQ-202507241-002,CUST-CN00014,2027-06-22,2027-07-02,已评审,24260,SALES-001,的人喜欢资源.
INQ-202507241-003,CUST-CN00011,2027-06-23,2027-07-03,已评审,68920,SALES-003,上海各种历史学生大学.
INQ-202507242-001,CUST-CN00020,2027-06-24,2027-07-04,已评审,69049,SALES-005,什么对于电子如果当然.
INQ-202507242-002,CUST-CN00006,2027-06-25,2027-07-05,已评审,38031,SALES-002,拥有文化朋友控制.
INQ-202507242-003,CUST-CN00013,2027-06-26,2027-07-06,草稿,55156,SALES-003,国家用户操作.
INQ-202507243-001,CUST-CN00015,2027-06-27,2027-07-07,草稿,62097,SALES-005,感觉为了汽车关于空间是一.
INQ-202507243-002,CUST-CN00006,2027-06-28,2027-07-08,已评审,40622,SALES-001,不会怎么运行.
INQ-202507243-003,CUST-CN00007,2027-06-29,2027-07-09,已评审,62247,SALES-004,品牌发生的是什么.
INQ-202507244-001,CUST-CN00012,2027-06-30,2027-07-10,草稿,18834,SALES-002,实现广告什么提高这么.
INQ-202507244-002,CUST-CN00013,2027-07-01,2027-07-11,草稿,36140,SALES-001,各种工具安全因此文件.
INQ-202507244-003,CUST-CN00007,2027-07-02,2027-07-12,草稿,46199,SALES-009,需要报告工具比较有关.
INQ-202507245-001,CUST-CN00017,2027-07-03,2027-07-13,已评审,49373,SALES-006,只有城市业务运行人民.
INQ-202507245-002,CUST-CN00009,2027-07-04,2027-07-14,已评审,66133,SALES-008,管理进行服务不过.
INQ-202507245-003,CUST-CN00009,2027-07-05,2027-07-15,草稿,33923,SALES-005,很多他的项目是否记者.
INQ-202507246-001,CUST-CN00016,2027-07-06,2027-07-16,已评审,35121,SALES-007,本站女人实现联系东西.
INQ-202507246-002,CUST-CN00002,2027-07-07,2027-07-17,已评审,54876,SALES-003,欢迎发生一种他的来源这里.
INQ-202507246-003,CUST-CN00003,2027-07-08,2027-07-18,草稿,46599,SALES-005,增加内容一切工具然后时候.
INQ-202507247-001,CUST-CN00012,2027-07-09,2027-07-19,草稿,78376,SALES-010,技术已经相关记者之间公司.
INQ-202507247-002,CUST-CN00010,2027-07-10,2027-07-20,草稿,19717,SALES-002,最新一定男人当前下载.
INQ-202507247-003,CUST-CN00009,2027-07-11,2027-07-21,草稿,20405,SALES-001,科技可是信息这种日期来源.
INQ-202507248-001,CUST-CN00020,2027-07-12,2027-07-22,已评审,51725,SALES-010,进入为了继续.
INQ-202507248-002,CUST-CN00015,2027-07-13,2027-07-23,已评审,78828,SALES-003,新闻因此不是管理什么.
INQ-202507248-003,CUST-CN00004,2027-07-14,2027-07-24,已评审,48938,SALES-002,评论虽然准备日期市场你的.
INQ-202507249-001,CUST-CN00003,2027-07-15,2027-07-25,草稿,45974,SALES-006,大学现在拥有报告相关.
INQ-202507249-002,CUST-CN00018,2027-07-16,2027-07-26,已评审,70739,SALES-004,这种一些情况.
INQ-202507249-003,CUST-CN00011,2027-07-17,2027-07-27,已评审,72028,SALES-002,手机事情作品合作注册.
INQ-202507250-001,CUST-CN00012,2027-07-18,2027-07-28,草稿,61765,SALES-007,科技介绍不要知道产品进行.
INQ-202507250-002,CUST-CN00013,2027-07-19,2027-07-29,已评审,70354,SALES-001,不会科技他的什么.
INQ-202507250-003,CUST-CN00011,2027-07-20,2027-07-30,已评审,59781,SALES-002,但是这些查看组织继续.
INQ-202507251-001,CUST-CN00004,2027-07-21,2027-07-31,草稿,11952,SALES-006,其实可能经验进行中心.
INQ-202507251-002,CUST-CN00007,2027-07-22,2027-08-01,已评审,31302,SALES-009,汽车次数孩子来源.
INQ-202507251-003,CUST-CN00003,2027-07-23,2027-08-02,已评审,79331,SALES-002,报告方面主题这种一些.
INQ-202507252-001,CUST-CN00016,2027-07-24,2027-08-03,草稿,69505,SALES-002,是一都是公司.
INQ-202507252-002,CUST-CN00002,2027-07-25,2027-08-04,草稿,50869,SALES-007,下载新闻你们.
INQ-202507252-003,CUST-CN00004,2027-07-26,2027-08-05,已评审,13158,SALES-002,什么类别没有这么日本介绍.
INQ-202507253-001,CUST-CN00004,2027-07-27,2027-08-06,已评审,43964,SALES-005,功能运行这样有些论坛更新.
INQ-202507253-002,CUST-CN00006,2027-07-28,2027-08-07,草稿,56943,SALES-009,的话然后而且表示发布一定.
INQ-202507253-003,CUST-CN00010,2027-07-29,2027-08-08,已评审,74364,SALES-002,一样我的在线教育情况.
INQ-202507254-001,CUST-CN00020,2027-07-30,2027-08-09,草稿,41276,SALES-004,类型得到出现开发他的.
INQ-202507254-002,CUST-CN00002,2027-07-31,2027-08-10,已评审,61632,SALES-009,学习一般或者新闻.
INQ-202507254-003,CUST-CN00015,2027-08-01,2027-08-11,草稿,58559,SALES-005,音乐政府等级也是其实.
INQ-202507255-001,CUST-CN00012,2027-08-02,2027-08-12,草稿,32490,SALES-007,工作用户大小操作解决.
INQ-202507255-002,CUST-CN00004,2027-08-03,2027-08-13,已评审,47498,SALES-002,空间回复不能.
INQ-202507255-003,CUST-CN00013,2027-08-04,2027-08-14,已评审,13394,SALES-003,等级根据之间.
INQ-202507256-001,CUST-CN00019,2027-08-05,2027-08-15,已评审,76807,SALES-009,日期点击用户.
INQ-202507256-002,CUST-CN00009,2027-08-06,2027-08-16,已评审,68347,SALES-007,帮助本站方式有限类型投资.
INQ-202507256-003,CUST-CN00016,2027-08-07,2027-08-17,草稿,71356,SALES-003,或者起来客户.
INQ-202507257-001,CUST-CN00018,2027-08-08,2027-08-18,已评审,20321,SALES-005,中国记者来源还是.
INQ-202507257-002,CUST-CN00005,2027-08-09,2027-08-19,已评审,42981,SALES-002,可是在线本站一些等级说明.
INQ-202507257-003,CUST-CN00004,2027-08-10,2027-08-20,已评审,17040,SALES-005,注册最新这是还有设备.
INQ-202507258-001,CUST-CN00001,2027-08-11,2027-08-21,草稿,46326,SALES-006,自己论坛回复.
INQ-202507258-002,CUST-CN00006,2027-08-12,2027-08-22,草稿,50948,SALES-005,最后计划因为组织.
INQ-202507258-003,CUST-CN00020,2027-08-13,2027-08-23,已评审,59664,SALES-008,开发那些应用.
INQ-202507259-001,CUST-CN00009,2027-08-14,2027-08-24,已评审,44152,SALES-003,的人对于是一价格.
INQ-202507259-002,CUST-CN00014,2027-08-15,2027-08-25,已评审,57519,SALES-006,本站其他北京文件出来网络.
INQ-202507259-003,CUST-CN00008,2027-08-16,2027-08-26,已评审,40864,SALES-006,部分质量一种这是得到不是.
INQ-202507260-001,CUST-CN00013,2027-08-17,2027-08-27,已评审,37910,SALES-008,只要提高怎么您的系统.
INQ-202507260-002,CUST-CN00017,2027-08-18,2027-08-28,草稿,79425,SALES-006,帮助对于发生业务同时.
INQ-202507260-003,CUST-CN00020,2027-08-19,2027-08-29,已评审,29431,SALES-002,一直学生经济报告原因市场.
INQ-202507261-001,CUST-CN00016,2027-08-20,2027-08-30,草稿,70260,SALES-004,开发以后内容.
INQ-202507261-002,CUST-CN00020,2027-08-21,2027-08-31,草稿,76912,SALES-003,如果教育不要你们参加这里.
INQ-202507261-003,CUST-CN00015,2027-08-22,2027-09-01,已评审,54293,SALES-010,国家无法任何一样大小活动.
INQ-202507262-001,CUST-CN00018,2027-08-23,2027-09-02,已评审,64016,SALES-010,参加控制增加社区.
INQ-202507262-002,CUST-CN00013,2027-08-24,2027-09-03,已评审,45755,SALES-004,是一发布操作发表国际.
INQ-202507262-003,CUST-CN00012,2027-08-25,2027-09-04,已评审,39539,SALES-009,其实希望选择不会大家设备.
INQ-202507263-001,CUST-CN00008,2027-08-26,2027-09-05,已评审,39495,SALES-003,介绍部分首页.
INQ-202507263-002,CUST-CN00005,2027-08-27,2027-09-06,已评审,74446,SALES-004,这里城市部门还是比较他们.
INQ-202507263-003,CUST-CN00018,2027-08-28,2027-09-07,已评审,62457,SALES-005,最大会员不会电脑.
INQ-202507264-001,CUST-CN00003,2027-08-29,2027-09-08,已评审,21083,SALES-005,任何准备关系工程.
INQ-202507264-002,CUST-CN00008,2027-08-30,2027-09-09,已评审,38332,SALES-010,上海感觉最后直接汽车.
INQ-202507264-003,CUST-CN00007,2027-08-31,2027-09-10,已评审,72488,SALES-001,大家女人今天时候.
INQ-202507265-001,CUST-CN00001,2027-09-01,2027-09-11,已评审,56934,SALES-005,的是选择业务目前介绍不过.
INQ-202507265-002,CUST-CN00002,2027-09-02,2027-09-12,已评审,59285,SALES-010,国家实现其实类型我们.
INQ-202507265-003,CUST-CN00005,2027-09-03,2027-09-13,草稿,23831,SALES-008,一个网络没有喜欢.
INQ-202507266-001,CUST-CN00012,2027-09-04,2027-09-14,草稿,59087,SALES-008,工作主题一样来源.
INQ-202507266-002,CUST-CN00001,2027-09-05,2027-09-15,已评审,18968,SALES-008,认为看到为什.
INQ-202507266-003,CUST-CN00001,2027-09-06,2027-09-16,草稿,39706,SALES-005,商品上海直接管理留言.
INQ-202507267-001,CUST-CN00008,2027-09-07,2027-09-17,已评审,64678,SALES-002,最后地区所有城市包括.
INQ-202507267-002,CUST-CN00016,2027-09-08,2027-09-18,草稿,26732,SALES-006,市场发现程序具有.
INQ-202507267-003,CUST-CN00018,2027-09-09,2027-09-19,草稿,54603,SALES-004,公司中文经验没有重要.
INQ-202507268-001,CUST-CN00013,2027-09-10,2027-09-20,已评审,30590,SALES-003,评论服务以及建设决定来源.
INQ-202507268-002,CUST-CN00001,2027-09-11,2027-09-21,草稿,19922,SALES-001,一直法律感觉控制空间.
INQ-202507268-003,CUST-CN00011,2027-09-12,2027-09-22,草稿,20905,SALES-008,工具各种那些报告使用继续.
INQ-202507269-001,CUST-CN00010,2027-09-13,2027-09-23,已评审,72582,SALES-005,出现起来这是.
INQ-202507269-002,CUST-CN00013,2027-09-14,2027-09-24,已评审,43830,SALES-009,资料以上什么.
INQ-202507269-003,CUST-CN00018,2027-09-15,2027-09-25,草稿,19755,SALES-001,成为产品威望标准最大情况.
INQ-202507270-001,CUST-CN00020,2027-09-16,2027-09-26,已评审,66211,SALES-010,我们有关地方显示准备重要.
INQ-202507270-002,CUST-CN00017,2027-09-17,2027-09-27,已评审,67813,SALES-001,品牌任何不能.
INQ-202507270-003,CUST-CN00015,2027-09-18,2027-09-28,已评审,57578,SALES-002,状态主要到了.
INQ-202507271-001,CUST-CN00007,2027-09-19,2027-09-29,草稿,51396,SALES-009,参加网上经营内容解决影响.
INQ-202507271-002,CUST-CN00012,2027-09-20,2027-09-30,已评审,30966,SALES-005,空间很多活动软件.
INQ-202507271-003,CUST-CN00019,2027-09-21,2027-10-01,草稿,20674,SALES-009,深圳浏览完全.
INQ-202507272-001,CUST-CN00018,2027-09-22,2027-10-02,已评审,43333,SALES-001,设计来自技术.
INQ-202507272-002,CUST-CN00015,2027-09-23,2027-10-03,草稿,79006,SALES-001,精华时间他们说明全部对于.
INQ-202507272-003,CUST-CN00010,2027-09-24,2027-10-04,草稿,78493,SALES-004,一样学习介绍无法文化.
INQ-202507273-001,CUST-CN00013,2027-09-25,2027-10-05,草稿,50467,SALES-004,功能回复地址不同加入.
INQ-202507273-002,CUST-CN00015,2027-09-26,2027-10-06,草稿,71948,SALES-007,质量两个资料以上.
INQ-202507273-003,CUST-CN00013,2027-09-27,2027-10-07,草稿,41381,SALES-002,系统业务有限.
INQ-202507274-001,CUST-CN00009,2027-09-28,2027-10-08,已评审,69604,SALES-002,内容表示这是用户客户.
INQ-202507274-002,CUST-CN00008,2027-09-29,2027-10-09,草稿,54400,SALES-007,当然生产使用开发可能.
INQ-202507274-003,CUST-CN00015,2027-09-30,2027-10-10,已评审,66947,SALES-001,不同最大经验文章有关.
INQ-202507275-001,CUST-CN00013,2027-10-01,2027-10-11,已评审,41231,SALES-008,你们为了基本.
INQ-202507275-002,CUST-CN00010,2027-10-02,2027-10-12,草稿,75426,SALES-001,出现作者因为.
INQ-202507275-003,CUST-CN00011,2027-10-03,2027-10-13,草稿,67713,SALES-004,文章以及的是上海.
INQ-202507276-001,CUST-CN00007,2027-10-04,2027-10-14,已评审,28403,SALES-001,系统发生可以电话实现运行.
INQ-202507276-002,CUST-CN00016,2027-10-05,2027-10-15,草稿,60799,SALES-004,新闻专业什么.
INQ-202507276-003,CUST-CN00002,2027-10-06,2027-10-16,已评审,55496,SALES-002,经营资料其中不会点击生活.
INQ-202507277-001,CUST-CN00009,2027-10-07,2027-10-17,已评审,68078,SALES-001,为什电脑必须学生首页一直.
INQ-202507277-002,CUST-CN00011,2027-10-08,2027-10-18,草稿,79423,SALES-010,以及欢迎说明位置这样.
INQ-202507277-003,CUST-CN00020,2027-10-09,2027-10-19,已评审,24529,SALES-004,或者一些日本那个方式.
INQ-202507278-001,CUST-CN00006,2027-10-10,2027-10-20,草稿,28867,SALES-003,电子社会社会由于.
INQ-202507278-002,CUST-CN00004,2027-10-11,2027-10-21,草稿,74496,SALES-007,汽车国际关于只要游戏环境.
INQ-202507278-003,CUST-CN00011,2027-10-12,2027-10-22,已评审,30529,SALES-004,电子当然质量客户.
INQ-202507279-001,CUST-CN00019,2027-10-13,2027-10-23,已评审,12112,SALES-003,不能怎么学生.
INQ-202507279-002,CUST-CN00008,2027-10-14,2027-10-24,草稿,45879,SALES-010,也是查看免费同时.
INQ-202507279-003,CUST-CN00016,2027-10-15,2027-10-25,已评审,59540,SALES-002,客户只要显示作者.
INQ-202507280-001,CUST-CN00003,2027-10-16,2027-10-26,已评审,39388,SALES-010,学习公司由于有些.
INQ-202507280-002,CUST-CN00003,2027-10-17,2027-10-27,草稿,43148,SALES-010,是否是否合作.
INQ-202507280-003,CUST-CN00011,2027-10-18,2027-10-28,草稿,51013,SALES-007,这是结果以后资源名称.
INQ-202507281-001,CUST-CN00019,2027-10-19,2027-10-29,已评审,20641,SALES-004,觉得其他只有.
INQ-202507281-002,CUST-CN00009,2027-10-20,2027-10-30,已评审,75719,SALES-005,进行工作那些.
INQ-202507281-003,CUST-CN00008,2027-10-21,2027-10-31,草稿,59129,SALES-007,需要来自也是希望状态任何登录.
INQ-202507282-001,CUST-CN00008,2027-10-22,2027-11-01,已评审,28058,SALES-010,选择专业她的软件.
INQ-202507282-002,CUST-CN00017,2027-10-23,2027-11-02,已评审,14075,SALES-006,的是说明一点有限销售部分.
INQ-202507282-003,CUST-CN00002,2027-10-24,2027-11-03,已评审,79001,SALES-002,等级关于使用作品.
INQ-202507283-001,CUST-CN00005,2027-10-25,2027-11-04,已评审,61676,SALES-010,品牌投资电话.
INQ-202507283-002,CUST-CN00013,2027-10-26,2027-11-05,已评审,54145,SALES-008,增加学习今年只要.
INQ-202507283-003,CUST-CN00015,2027-10-27,2027-11-06,已评审,59307,SALES-004,阅读简介不断国内.
INQ-202507284-001,CUST-CN00015,2027-10-28,2027-11-07,草稿,69185,SALES-006,作为这里商品以后.
INQ-202507284-002,CUST-CN00015,2027-10-29,2027-11-08,草稿,35946,SALES-001,今天女人然后阅读一直.
INQ-202507284-003,CUST-CN00018,2027-10-30,2027-11-09,已评审,53970,SALES-006,大小具有不同其中任何状态.
INQ-202507285-001,CUST-CN00003,2027-10-31,2027-11-10,已评审,62553,SALES-001,因为电脑继续很多学习历史.
INQ-202507285-002,CUST-CN00016,2027-11-01,2027-11-11,草稿,66292,SALES-001,会员深圳标题您的其中标题.
INQ-202507285-003,CUST-CN00008,2027-11-02,2027-11-12,草稿,71416,SALES-005,因为应用非常日期会员.
INQ-202507286-001,CUST-CN00009,2027-11-03,2027-11-13,已评审,36405,SALES-009,地区成为日本需要不要电脑.
INQ-202507286-002,CUST-CN00018,2027-11-04,2027-11-14,已评审,38743,SALES-006,得到历史经营显示功能.
INQ-202507286-003,CUST-CN00010,2027-11-05,2027-11-15,已评审,48287,SALES-003,运行希望处理社区点击开始.
INQ-202507287-001,CUST-CN00016,2027-11-06,2027-11-16,草稿,79322,SALES-010,增加具有今年关于日本.
INQ-202507287-002,CUST-CN00017,2027-11-07,2027-11-17,草稿,71703,SALES-008,今年有限价格全国可以中文.
INQ-202507287-003,CUST-CN00012,2027-11-08,2027-11-18,草稿,34788,SALES-007,时候简介记者这是一切.
INQ-202507288-001,CUST-CN00019,2027-11-09,2027-11-19,草稿,11882,SALES-008,直接程序生活资料还是.
INQ-202507288-002,CUST-CN00010,2027-11-10,2027-11-20,草稿,13941,SALES-006,生产类别拥有说明地址.
INQ-202507288-003,CUST-CN00007,2027-11-11,2027-11-21,已评审,47172,SALES-002,美国人员今年过程来自.
INQ-202507289-001,CUST-CN00020,2027-11-12,2027-11-22,草稿,42580,SALES-004,看到为了有关语言.
INQ-202507289-002,CUST-CN00018,2027-11-13,2027-11-23,草稿,43650,SALES-005,非常任何这里.
INQ-202507289-003,CUST-CN00013,2027-11-14,2027-11-24,已评审,72930,SALES-003,当前报告业务.
INQ-202507290-001,CUST-CN00015,2027-11-15,2027-11-25,已评审,22894,SALES-008,帮助能力以及显示客户.
INQ-202507290-002,CUST-CN00019,2027-11-16,2027-11-26,草稿,78169,SALES-007,拥有类别空间.
INQ-202507290-003,CUST-CN00015,2027-11-17,2027-11-27,草稿,45134,SALES-007,方式当然企业主要.
INQ-202507291-001,CUST-CN00003,2027-11-18,2027-11-28,草稿,38516,SALES-010,一个以上的人.
INQ-202507291-002,CUST-CN00014,2027-11-19,2027-11-29,已评审,70973,SALES-005,拥有作品手机点击记者关系.
INQ-202507291-003,CUST-CN00004,2027-11-20,2027-11-30,草稿,57012,SALES-007,只是来自事情地方来自.
INQ-202507292-001,CUST-CN00009,2027-11-21,2027-12-01,已评审,36957,SALES-001,说明经营电影自己需要.
INQ-202507292-002,CUST-CN00008,2027-11-22,2027-12-02,草稿,41017,SALES-009,系统规定为了无法一定记者.
INQ-202507292-003,CUST-CN00005,2027-11-23,2027-12-03,草稿,28334,SALES-003,注册显示资源全部自己然后.
INQ-202507293-001,CUST-CN00014,2027-11-24,2027-12-04,草稿,79064,SALES-003,精华直接服务.
INQ-202507293-002,CUST-CN00013,2027-11-25,2027-12-05,草稿,54746,SALES-007,基本会员可能.
INQ-202507293-003,CUST-CN00003,2027-11-26,2027-12-06,已评审,30122,SALES-004,位置中文介绍到了.
INQ-202507294-001,CUST-CN00010,2027-11-27,2027-12-07,已评审,36095,SALES-001,那么本站得到.
INQ-202507294-002,CUST-CN00018,2027-11-28,2027-12-08,已评审,18227,SALES-001,全国没有专业.
INQ-202507294-003,CUST-CN00006,2027-11-29,2027-12-09,草稿,31404,SALES-007,电话中心科技评论标题.
INQ-202507295-001,CUST-CN00014,2027-11-30,2027-12-10,草稿,65606,SALES-008,浏览必须历史.
INQ-202507295-002,CUST-CN00001,2027-12-01,2027-12-11,已评审,69960,SALES-005,时候根据之间不要时候点击.
INQ-202507295-003,CUST-CN00001,2027-12-02,2027-12-12,已评审,28236,SALES-004,音乐帖子今年如果朋友作品.
INQ-202507296-001,CUST-CN00004,2027-12-03,2027-12-13,已评审,51127,SALES-005,公司安全孩子安全运行音乐.
INQ-202507296-002,CUST-CN00007,2027-12-04,2027-12-14,草稿,66635,SALES-001,只有可能由于首页.
INQ-202507296-003,CUST-CN00006,2027-12-05,2027-12-15,已评审,12668,SALES-009,详细项目本站.
INQ-202507297-001,CUST-CN00020,2027-12-06,2027-12-16,草稿,33422,SALES-009,之后同时原因管理的人但是.
INQ-202507297-002,CUST-CN00006,2027-12-07,2027-12-17,草稿,43121,SALES-002,使用觉得发表登录音乐.
INQ-202507297-003,CUST-CN00019,2027-12-08,2027-12-18,已评审,56875,SALES-002,中国关系地址那些我的.
INQ-202507298-001,CUST-CN00004,2027-12-09,2027-12-19,草稿,36719,SALES-010,人员免费政府.
INQ-202507298-002,CUST-CN00019,2027-12-10,2027-12-20,已评审,23937,SALES-009,什么东西怎么.
INQ-202507298-003,CUST-CN00006,2027-12-11,2027-12-21,草稿,38454,SALES-002,项目应该注册以下.
INQ-202507299-001,CUST-CN00001,2027-12-12,2027-12-22,草稿,19218,SALES-001,作品合作设计全国城市现在.
INQ-202507299-002,CUST-CN00008,2027-12-13,2027-12-23,已评审,40902,SALES-010,价格新闻对于一直功能应用.
INQ-202507299-003,CUST-CN00007,2027-12-14,2027-12-24,已评审,25575,SALES-010,联系喜欢大家他们语言.
INQ-202507300-001,CUST-CN00004,2027-12-15,2027-12-25,已评审,71944,SALES-001,他的不断起来.
INQ-202507300-002,CUST-CN00012,2027-12-16,2027-12-26,草稿,30756,SALES-002,显示由于技术.
INQ-202507300-003,CUST-CN00009,2027-12-17,2027-12-27,草稿,16994,SALES-010,作品这种价格一个.
INQ-202507301-001,CUST-CN00013,2027-12-18,2027-12-28,已评审,50597,SALES-002,项目发布处理.
INQ-202507301-002,CUST-CN00011,2027-12-19,2027-12-29,已评审,15106,SALES-009,发布价格市场质量生产.
INQ-202507301-003,CUST-CN00019,2027-12-20,2027-12-30,草稿,19455,SALES-003,来源来源以后.
INQ-202507302-001,CUST-CN00001,2027-12-21,2027-12-31,已评审,57265,SALES-006,感觉我的业务这样.
INQ-202507302-002,CUST-CN00020,2027-12-22,2028-01-01,草稿,15536,SALES-006,阅读女人部分日期最大.
INQ-202507302-003,CUST-CN00008,2027-12-23,2028-01-02,已评审,75008,SALES-001,专业本站首页大小最新.
INQ-202507303-001,CUST-CN00014,2027-12-24,2028-01-03,已评审,53700,SALES-001,更新搜索帖子商品主要.
INQ-202507303-002,CUST-CN00020,2027-12-25,2028-01-04,已评审,18968,SALES-009,能力论坛程序她的完成设备.
INQ-202507303-003,CUST-CN00017,2027-12-26,2028-01-05,已评审,77179,SALES-009,美国标准内容.
INQ-202507304-001,CUST-CN00015,2027-12-27,2028-01-06,已评审,18160,SALES-006,能力成为名称一下增加准备.
INQ-202507304-002,CUST-CN00008,2027-12-28,2028-01-07,已评审,77274,SALES-010,时间提供一次直接只是只有.
INQ-202507304-003,CUST-CN00011,2027-12-29,2028-01-08,草稿,26275,SALES-007,出现希望对于当前.
INQ-202507305-001,CUST-CN00007,2027-12-30,2028-01-09,草稿,25412,SALES-002,项目帮助同时企业.
INQ-202507305-002,CUST-CN00015,2027-12-31,2028-01-10,已评审,25504,SALES-002,所以关系应该.
INQ-202507305-003,CUST-CN00020,2028-01-01,2028-01-11,已评审,47721,SALES-005,或者问题企业开始行业有关.
INQ-202507306-001,CUST-CN00016,2028-01-02,2028-01-12,已评审,70104,SALES-008,增加看到因此历史根据.
INQ-202507306-002,CUST-CN00014,2028-01-03,2028-01-13,已评审,52910,SALES-005,由于论坛女人.
INQ-202507306-003,CUST-CN00007,2028-01-04,2028-01-14,已评审,34845,SALES-009,一定发生论坛.
INQ-202507307-001,CUST-CN00004,2028-01-05,2028-01-15,草稿,79080,SALES-007,文章威望自己操作不能技术.
INQ-202507307-002,CUST-CN00020,2028-01-06,2028-01-16,草稿,18054,SALES-010,单位积分以下.
INQ-202507307-003,CUST-CN00003,2028-01-07,2028-01-17,已评审,18221,SALES-006,以下主要电影发展.
INQ-202507308-001,CUST-CN00011,2028-01-08,2028-01-18,已评审,77557,SALES-009,你的成功这是主要不过类别.
INQ-202507308-002,CUST-CN00003,2028-01-09,2028-01-19,已评审,20240,SALES-007,城市解决方法.
INQ-202507308-003,CUST-CN00012,2028-01-10,2028-01-20,已评审,61561,SALES-002,不是还是感觉.
INQ-202507309-001,CUST-CN00018,2028-01-11,2028-01-21,草稿,57158,SALES-009,历史出现应用就是可能企业.
INQ-202507309-002,CUST-CN00012,2028-01-12,2028-01-22,已评审,24878,SALES-003,解决用户地方点击孩子.
INQ-202507309-003,CUST-CN00019,2028-01-13,2028-01-23,已评审,27181,SALES-004,他们点击更新一直.
INQ-202507310-001,CUST-CN00015,2028-01-14,2028-01-24,草稿,74806,SALES-010,地方以及部分下载发表可能.
INQ-202507310-002,CUST-CN00005,2028-01-15,2028-01-25,草稿,28501,SALES-002,开始人民那些这样.
INQ-202507310-003,CUST-CN00015,2028-01-16,2028-01-26,草稿,50660,SALES-007,需要非常也是.
INQ-202507311-001,CUST-CN00014,2028-01-17,2028-01-27,已评审,23478,SALES-010,网上有关如果空间.
INQ-202507311-002,CUST-CN00007,2028-01-18,2028-01-28,草稿,17978,SALES-008,成功比较电子不要应该.
INQ-202507311-003,CUST-CN00009,2028-01-19,2028-01-29,已评审,61920,SALES-010,工作中心结果.
INQ-202507312-001,CUST-CN00006,2028-01-20,2028-01-30,草稿,15459,SALES-004,过程国际行业.
INQ-202507312-002,CUST-CN00007,2028-01-21,2028-01-31,草稿,31717,SALES-008,积分大小资料.
INQ-202507312-003,CUST-CN00017,2028-01-22,2028-02-01,草稿,29037,SALES-004,各种以下生产来源出现最大.
INQ-202507313-001,CUST-CN00018,2028-01-23,2028-02-02,已评审,69301,SALES-002,原因生活市场网络得到为什查看.
INQ-202507313-002,CUST-CN00020,2028-01-24,2028-02-03,草稿,43651,SALES-008,不会发现企业计划.
INQ-202507313-003,CUST-CN00019,2028-01-25,2028-02-04,草稿,30720,SALES-002,影响销售各种所以网上.
INQ-202507314-001,CUST-CN00002,2028-01-26,2028-02-05,已评审,31884,SALES-010,帖子通过查看电脑组织.
INQ-202507314-002,CUST-CN00012,2028-01-27,2028-02-06,草稿,45748,SALES-002,自己注册一样网上谢谢.
INQ-202507314-003,CUST-CN00001,2028-01-28,2028-02-07,草稿,44288,SALES-005,日本完成国家什么.
INQ-202507315-001,CUST-CN00001,2028-01-29,2028-02-08,已评审,51026,SALES-009,情况社会出来目前设计电话.
INQ-202507315-002,CUST-CN00007,2028-01-30,2028-02-09,草稿,51928,SALES-009,名称但是自己销售方面.
INQ-202507315-003,CUST-CN00004,2028-01-31,2028-02-10,已评审,31603,SALES-009,这么公司来源.
INQ-202507316-001,CUST-CN00003,2028-02-01,2028-02-11,已评审,69637,SALES-007,推荐联系数据学习销售.
INQ-202507316-002,CUST-CN00020,2028-02-02,2028-02-12,草稿,38147,SALES-010,一定图片人员可以.
INQ-202507316-003,CUST-CN00020,2028-02-03,2028-02-13,已评审,66658,SALES-009,能力那些一下看到.
INQ-202507317-001,CUST-CN00010,2028-02-04,2028-02-14,草稿,60896,SALES-002,能力品牌具有事情.
INQ-202507317-002,CUST-CN00012,2028-02-05,2028-02-15,草稿,41858,SALES-006,一点支持她的.
INQ-202507317-003,CUST-CN00007,2028-02-06,2028-02-16,草稿,44082,SALES-006,是否报告管理.
INQ-202507318-001,CUST-CN00006,2028-02-07,2028-02-17,已评审,43548,SALES-002,帖子大学功能经营更多专业.
INQ-202507318-002,CUST-CN00011,2028-02-08,2028-02-18,草稿,24282,SALES-001,政府地址为了生产电影当前.
INQ-202507318-003,CUST-CN00020,2028-02-09,2028-02-19,已评审,49657,SALES-004,都是通过应该其实成为.
INQ-202507319-001,CUST-CN00011,2028-02-10,2028-02-20,已评审,13804,SALES-004,控制系统活动部分深圳相关位置.
INQ-202507319-002,CUST-CN00001,2028-02-11,2028-02-21,已评审,77511,SALES-007,文化说明显示时候成功.
INQ-202507319-003,CUST-CN00003,2028-02-12,2028-02-22,草稿,32450,SALES-006,只有制作游戏语言方面.
INQ-202507320-001,CUST-CN00014,2028-02-13,2028-02-23,草稿,35104,SALES-005,类别图片介绍应用国际记者.
INQ-202507320-002,CUST-CN00018,2028-02-14,2028-02-24,草稿,59916,SALES-003,需要广告当然这是两个.
INQ-202507320-003,CUST-CN00012,2028-02-15,2028-02-25,已评审,25637,SALES-008,朋友品牌那个次数由于.
INQ-202507321-001,CUST-CN00003,2028-02-16,2028-02-26,草稿,49830,SALES-007,可能他们市场以后还是虽然所有.
INQ-202507321-002,CUST-CN00005,2028-02-17,2028-02-27,已评审,51214,SALES-003,一次社会什么设计觉得.
INQ-202507321-003,CUST-CN00009,2028-02-18,2028-02-28,草稿,15899,SALES-008,更多还有觉得图片阅读.
INQ-202507322-001,CUST-CN00002,2028-02-19,2028-02-29,已评审,10974,SALES-005,回复音乐企业精华一下方法.
INQ-202507322-002,CUST-CN00014,2028-02-20,2028-03-01,已评审,62224,SALES-006,行业不是目前完全.
INQ-202507322-003,CUST-CN00008,2028-02-21,2028-03-02,草稿,78272,SALES-007,他的日期欢迎上海地区论坛.
INQ-202507323-001,CUST-CN00012,2028-02-22,2028-03-03,已评审,59225,SALES-006,一下游戏是一而且文化.
INQ-202507323-002,CUST-CN00014,2028-02-23,2028-03-04,草稿,79703,SALES-010,网络网上有关有些用户.
INQ-202507323-003,CUST-CN00008,2028-02-24,2028-03-05,已评审,61030,SALES-010,因为原因法律.
INQ-202507324-001,CUST-CN00019,2028-02-25,2028-03-06,已评审,71073,SALES-009,时候美国部门记者.
INQ-202507324-002,CUST-CN00018,2028-02-26,2028-03-07,草稿,49104,SALES-010,程序其中或者你的手机方法.
INQ-202507324-003,CUST-CN00017,2028-02-27,2028-03-08,已评审,75081,SALES-004,大家状态基本留言企业网站.
INQ-202507325-001,CUST-CN00020,2028-02-28,2028-03-09,草稿,70374,SALES-002,成功知道系列市场点击.
INQ-202507325-002,CUST-CN00010,2028-02-29,2028-03-10,草稿,43938,SALES-004,等级简介人民标题如此.
INQ-202507325-003,CUST-CN00014,2028-03-01,2028-03-11,草稿,48045,SALES-006,设备一定特别.
INQ-202507326-001,CUST-CN00007,2028-03-02,2028-03-12,已评审,13402,SALES-007,业务名称广告专业标准应该.
INQ-202507326-002,CUST-CN00008,2028-03-03,2028-03-13,已评审,58320,SALES-004,关于更新一直主题一切.
INQ-202507326-003,CUST-CN00001,2028-03-04,2028-03-14,草稿,57352,SALES-004,空间市场单位男人拥有怎么.
INQ-202507327-001,CUST-CN00015,2028-03-05,2028-03-15,已评审,52274,SALES-010,可是本站管理联系产品为了.
INQ-202507327-002,CUST-CN00015,2028-03-06,2028-03-16,已评审,55885,SALES-001,功能开发图片我们社会所有.
INQ-202507327-003,CUST-CN00005,2028-03-07,2028-03-17,已评审,44777,SALES-001,一起可是可能过程.
INQ-202507328-001,CUST-CN00006,2028-03-08,2028-03-18,草稿,38665,SALES-006,首页但是市场.
INQ-202507328-002,CUST-CN00018,2028-03-09,2028-03-19,草稿,66443,SALES-009,一个查看国家男人所以.
INQ-202507328-003,CUST-CN00011,2028-03-10,2028-03-20,已评审,32613,SALES-002,以下业务很多时间.
INQ-202507329-001,CUST-CN00005,2028-03-11,2028-03-21,草稿,19922,SALES-009,部分不能程序一起.
INQ-202507329-002,CUST-CN00003,2028-03-12,2028-03-22,已评审,72597,SALES-005,根据根据通过其实在线.
INQ-202507329-003,CUST-CN00004,2028-03-13,2028-03-23,草稿,31580,SALES-009,大家过程一种.
INQ-202507330-001,CUST-CN00012,2028-03-14,2028-03-24,草稿,57494,SALES-006,或者一定评论.
INQ-202507330-002,CUST-CN00014,2028-03-15,2028-03-25,已评审,78385,SALES-003,可以不能作品作者.
INQ-202507330-003,CUST-CN00002,2028-03-16,2028-03-26,草稿,55357,SALES-007,继续决定活动不要.
INQ-202507331-001,CUST-CN00005,2028-03-17,2028-03-27,已评审,35798,SALES-009,就是得到内容来自.
INQ-202507331-002,CUST-CN00007,2028-03-18,2028-03-28,已评审,68293,SALES-004,得到报告有些公司.
INQ-202507331-003,CUST-CN00003,2028-03-19,2028-03-29,已评审,33944,SALES-002,其中朋友因此知道.
INQ-202507332-001,CUST-CN00017,2028-03-20,2028-03-30,已评审,71254,SALES-006,以上北京积分自己都是投资.
INQ-202507332-002,CUST-CN00009,2028-03-21,2028-03-31,已评审,64535,SALES-001,我的生产当然推荐今天.
INQ-202507332-003,CUST-CN00006,2028-03-22,2028-04-01,已评审,59041,SALES-004,虽然开始市场一样方面现在.
INQ-202507333-001,CUST-CN00014,2028-03-23,2028-04-02,草稿,50956,SALES-001,什么只要运行支持发展行业.
INQ-202507333-002,CUST-CN00018,2028-03-24,2028-04-03,已评审,74886,SALES-007,特别建设决定出来.
INQ-202507333-003,CUST-CN00019,2028-03-25,2028-04-04,已评审,30310,SALES-004,最大事情不会发生.
INQ-202507334-001,CUST-CN00016,2028-03-26,2028-04-05,已评审,17732,SALES-010,或者一种公司记者.
