invoice_id,item_no,delivery_item_id,sales_order_item_id,material_id,invoiced_quantity,unit_price,tax_amount,item_amount,unit
INV-241100001,1,DN-2024-4657-1,SO-2024-5506-1,MTL-E002,42.7700000000,24.6000000000,136.7800000000,1188.9200000000,m
INV-240400002,1,DN-2025-4611-1,SO-2024-9928-1,MTL-D001,34.6800000000,86.1800000000,388.5300000000,3377.2500000000,套
INV-240400002,2,DN-2025-4611-2,SO-2024-9928-2,MTL-A002,10.1800000000,57.3900000000,75.9500000000,660.1800000000,套
INV-241000003,1,DN-2024-7201-1,SO-2024-8527-1,MTL-E002,20.0400000000,44.0800000000,114.8400000000,998.2000000000,m
INV-241000003,2,DN-2024-7201-2,SO-2024-8527-2,MTL-C001,98.5400000000,429.1100000000,5496.9900000000,47781.4900000000,个
INV-241000003,3,DN-2024-7201-3,SO-2024-8527-3,MTL-D001,28.5200000000,321.4900000000,1191.9600000000,10360.8500000000,套
INV-240300004,1,DN-2025-2169-1,SO-2025-4432-1,MTL-D001,27.7200000000,463.4400000000,1670.0500000000,14516.6100000000,m
INV-240300004,2,DN-2025-2169-2,SO-2025-4432-2,MTL-C002,84.4400000000,390.2400000000,4283.7400000000,37235.6100000000,m
INV-240300004,3,DN-2025-2169-3,SO-2025-4432-3,MTL-A001,80.7000000000,206.5700000000,2167.1300000000,18837.3300000000,个
INV-240300004,4,DN-2025-2169-4,SO-2025-4432-4,MTL-B002,91.4000000000,287.9200000000,3421.0700000000,29736.9600000000,套
INV-240400005,1,DN-2024-5339-1,SO-2025-8517-1,MTL-D001,89.8800000000,205.7100000000,2403.6000000000,20892.8100000000,m
INV-240400005,2,DN-2024-5339-2,SO-2025-8517-2,MTL-B001,51.4400000000,54.5500000000,364.7900000000,3170.8400000000,件
INV-240400005,3,DN-2024-5339-3,SO-2025-8517-3,MTL-A002,16.1300000000,88.3900000000,185.3400000000,1611.0700000000,台
INV-240400005,4,DN-2024-5339-4,SO-2025-8517-4,MTL-E002,7.2900000000,196.9900000000,186.6900000000,1622.7500000000,箱
INV-240400005,5,DN-2024-5339-5,SO-2025-8517-5,MTL-E001,25.8900000000,281.0800000000,946.0300000000,8223.1900000000,件
INV-241100006,1,DN-2024-5808-1,SO-2025-6573-1,MTL-E001,76.4300000000,258.7600000000,2571.0100000000,22348.0400000000,个
INV-241100006,2,DN-2024-5808-2,SO-2025-6573-2,MTL-C001,84.3300000000,258.7500000000,2836.6500000000,24657.0400000000,m
INV-241100006,3,DN-2024-5808-3,SO-2025-6573-3,MTL-B001,38.0200000000,89.1600000000,440.6800000000,3830.5400000000,件
INV-241000007,1,DN-2024-6947-1,SO-2025-1319-1,MTL-A002,9.4800000000,248.1400000000,305.8100000000,2658.1800000000,个
INV-241000007,2,DN-2024-6947-2,SO-2025-1319-2,MTL-E001,76.8200000000,72.9100000000,728.1200000000,6329.0700000000,箱
INV-241000007,3,DN-2024-6947-3,SO-2025-1319-3,MTL-E001,17.3500000000,268.5600000000,605.7400000000,5265.2600000000,台
INV-241000007,4,DN-2024-6947-4,SO-2025-1319-4,MTL-B002,92.9600000000,380.0800000000,4593.1900000000,39925.4300000000,m
INV-241000007,5,DN-2024-6947-5,SO-2025-1319-5,MTL-C001,40.5000000000,339.1300000000,1785.5200000000,15520.2800000000,套
INV-240800008,1,DN-2024-2049-1,SO-2024-5061-1,MTL-A002,71.0800000000,38.8500000000,358.9900000000,3120.4500000000,个
INV-240100009,1,DN-2024-5562-1,SO-2024-9423-1,MTL-E002,47.7900000000,394.4600000000,2450.6600000000,21301.9000000000,台
INV-240100009,2,DN-2024-5562-2,SO-2024-9423-2,MTL-B002,10.3400000000,332.9000000000,447.4800000000,3889.6700000000,套
INV-240100009,3,DN-2024-5562-3,SO-2024-9423-3,MTL-D001,41.7000000000,433.2800000000,2348.8100000000,20416.5900000000,件
INV-240100009,4,DN-2024-5562-4,SO-2024-9423-4,MTL-A002,7.0000000000,366.8200000000,333.8100000000,2901.5500000000,个
INV-240100009,5,DN-2024-5562-5,SO-2024-9423-5,MTL-B002,19.9700000000,272.7800000000,708.1600000000,6155.5800000000,kg
INV-240700010,1,DN-2024-2235-1,SO-2025-8579-1,MTL-A001,96.9300000000,463.9200000000,5845.8100000000,50813.5800000000,m
INV-240700010,2,DN-2024-2235-2,SO-2025-8579-2,MTL-B001,41.2300000000,245.8700000000,1317.8400000000,11455.0600000000,台
INV-240700010,3,DN-2024-2235-3,SO-2025-8579-3,MTL-A001,17.3000000000,11.0600000000,24.8700000000,216.2100000000,台
INV-240700010,4,DN-2024-2235-4,SO-2025-8579-4,MTL-C001,92.7300000000,394.7100000000,4758.1900000000,41359.6500000000,L
INV-240700010,5,DN-2024-2235-5,SO-2025-8579-5,MTL-D001,69.9600000000,367.9500000000,3346.4300000000,29088.2100000000,箱
INV-240300011,1,DN-2024-9883-1,SO-2025-4566-1,MTL-E001,16.5900000000,480.7800000000,1036.9000000000,9013.0400000000,个
INV-240300011,2,DN-2024-9883-2,SO-2025-4566-2,MTL-B001,7.7800000000,43.3000000000,43.7900000000,380.6600000000,m
INV-240300011,3,DN-2024-9883-3,SO-2025-4566-3,MTL-D001,12.8700000000,446.2400000000,746.6000000000,6489.7100000000,m
INV-240300011,4,DN-2024-9883-4,SO-2025-4566-4,MTL-E002,59.8600000000,313.5000000000,2439.5900000000,21205.7000000000,台
INV-240300011,5,DN-2024-9883-5,SO-2025-4566-5,MTL-E002,56.9600000000,165.0200000000,1221.9400000000,10621.4800000000,L
INV-240400012,1,DN-2025-3144-1,SO-2024-5351-1,MTL-A001,46.3700000000,499.2400000000,3009.4700000000,26159.2300000000,个
INV-240200013,1,DN-2025-2127-1,SO-2025-3170-1,MTL-E002,98.4000000000,405.4800000000,5186.9000000000,45086.1300000000,件
INV-240200013,2,DN-2025-2127-2,SO-2025-3170-2,MTL-E001,30.6400000000,335.0600000000,1334.6100000000,11600.8500000000,kg
INV-240200013,3,DN-2025-2127-3,SO-2025-3170-3,MTL-C001,12.4300000000,62.4500000000,100.9100000000,877.1600000000,kg
INV-240500014,1,DN-2024-5325-1,SO-2024-6617-1,MTL-C001,5.3600000000,173.4400000000,120.8500000000,1050.4900000000,kg
INV-240500014,2,DN-2024-5325-2,SO-2024-6617-2,MTL-C001,17.0000000000,226.5000000000,500.5600000000,4351.0600000000,台
INV-240500014,3,DN-2024-5325-3,SO-2024-6617-3,MTL-E001,1.9600000000,46.8700000000,11.9400000000,103.8100000000,kg
INV-240500014,4,DN-2024-5325-4,SO-2024-6617-4,MTL-E001,4.5700000000,190.9200000000,113.4200000000,985.9200000000,kg
INV-240700015,1,DN-2025-1653-1,SO-2024-6050-1,MTL-D001,97.4100000000,377.2400000000,4777.1000000000,41524.0500000000,m
INV-240700015,2,DN-2025-1653-2,SO-2024-6050-2,MTL-B001,97.6400000000,407.2800000000,5169.6900000000,44936.5100000000,台
INV-240700015,3,DN-2025-1653-3,SO-2024-6050-3,MTL-A001,18.7600000000,463.0000000000,1129.1600000000,9815.0400000000,台
INV-240700015,4,DN-2025-1653-4,SO-2024-6050-4,MTL-B002,27.4100000000,395.8100000000,1410.3900000000,12259.5400000000,个
INV-240700015,5,DN-2025-1653-5,SO-2024-6050-5,MTL-D001,87.3400000000,430.7100000000,4890.3700000000,42508.5800000000,m
INV-240400016,1,DN-2024-4652-1,SO-2025-6000-1,MTL-C001,35.7600000000,259.6100000000,1206.8700000000,10490.5200000000,套
INV-240100017,1,DN-2025-1626-1,SO-2025-3925-1,MTL-E002,98.4400000000,66.6700000000,853.1900000000,7416.1800000000,m
INV-240100017,2,DN-2025-1626-2,SO-2025-3925-2,MTL-C001,5.3900000000,223.6700000000,156.7300000000,1362.3100000000,m
INV-240100017,3,DN-2025-1626-3,SO-2025-3925-3,MTL-C002,43.7000000000,474.9500000000,2698.1900000000,23453.5100000000,套
INV-240100017,4,DN-2025-1626-4,SO-2025-3925-4,MTL-E002,32.0800000000,425.5300000000,1774.6300000000,15425.6300000000,L
INV-240900018,1,DN-2025-5844-1,SO-2025-6344-1,MTL-E002,57.3400000000,208.9800000000,1557.7800000000,13540.6900000000,件
INV-240900018,2,DN-2025-5844-2,SO-2025-6344-2,MTL-C001,29.4000000000,220.6500000000,843.3200000000,7330.4300000000,套
INV-240800019,1,DN-2025-3780-1,SO-2025-4501-1,MTL-A002,82.0200000000,378.0600000000,4031.1000000000,35039.5800000000,L
INV-240800019,2,DN-2025-3780-2,SO-2025-4501-2,MTL-B002,80.8500000000,82.2000000000,863.9600000000,7509.8300000000,件
INV-240800019,3,DN-2025-3780-3,SO-2025-4501-3,MTL-B002,98.4100000000,309.5200000000,3959.7800000000,34419.6400000000,个
INV-240800020,1,DN-2025-7547-1,SO-2024-7291-1,MTL-D001,22.6700000000,404.0100000000,1190.6600000000,10349.5700000000,箱
INV-240100021,1,DN-2024-8612-1,SO-2024-8478-1,MTL-E002,81.6900000000,447.0900000000,4747.9600000000,41270.7400000000,台
INV-240100021,2,DN-2024-8612-2,SO-2024-8478-2,MTL-E001,45.1500000000,87.9900000000,516.4600000000,4489.2100000000,箱
INV-240100021,3,DN-2024-8612-3,SO-2024-8478-3,MTL-D002,26.6600000000,131.1500000000,454.5400000000,3951.0000000000,L
INV-240100021,4,DN-2024-8612-4,SO-2024-8478-4,MTL-E001,48.9800000000,127.2300000000,810.1200000000,7041.8500000000,箱
INV-240200022,1,DN-2025-6238-1,SO-2024-5451-1,MTL-B002,7.3600000000,209.7200000000,200.6600000000,1744.2000000000,箱
INV-240200022,2,DN-2025-6238-2,SO-2024-5451-2,MTL-D001,7.1600000000,418.1200000000,389.1900000000,3382.9300000000,台
INV-241000023,1,DN-2024-6763-1,SO-2025-8814-1,MTL-E002,89.8800000000,249.2300000000,2912.1000000000,25312.8900000000,L
INV-241000023,2,DN-2024-6763-2,SO-2025-8814-2,MTL-D001,49.0800000000,200.5400000000,1279.5300000000,11122.0300000000,台
INV-241000023,3,DN-2024-6763-3,SO-2025-8814-3,MTL-B001,84.2100000000,460.5800000000,5042.1100000000,43827.5500000000,件
INV-241000023,4,DN-2024-6763-4,SO-2025-8814-4,MTL-D001,59.6000000000,334.8700000000,2594.5700000000,22552.8200000000,个
INV-241000023,5,DN-2024-6763-5,SO-2025-8814-5,MTL-D001,14.4300000000,236.2300000000,443.1400000000,3851.9400000000,件
INV-240500024,1,DN-2025-6355-1,SO-2025-4467-1,MTL-C001,83.6600000000,240.4500000000,2615.0900000000,22731.1400000000,件
INV-240500024,2,DN-2025-6355-2,SO-2025-4467-2,MTL-C002,23.2000000000,43.6200000000,131.5600000000,1143.5400000000,件
INV-240500024,3,DN-2025-6355-3,SO-2025-4467-3,MTL-A001,95.0100000000,107.6900000000,1330.1100000000,11561.7400000000,件
INV-240500024,4,DN-2025-6355-4,SO-2025-4467-4,MTL-E002,16.0900000000,71.8500000000,150.2900000000,1306.3600000000,个
INV-241000025,1,DN-2025-3749-1,SO-2025-5198-1,MTL-C001,11.7000000000,22.5800000000,34.3400000000,298.5300000000,L
INV-241000025,2,DN-2025-3749-2,SO-2025-5198-2,MTL-E002,68.0600000000,479.5000000000,4242.5200000000,36877.2900000000,台
INV-241200026,1,DN-2024-5941-1,SO-2024-4978-1,MTL-A001,35.3700000000,219.9100000000,1011.1700000000,8789.3900000000,套
INV-241200026,2,DN-2024-5941-2,SO-2024-4978-2,MTL-A002,51.0900000000,177.2000000000,1176.9100000000,10230.0600000000,台
INV-241200026,3,DN-2024-5941-3,SO-2024-4978-3,MTL-D002,11.4500000000,480.7900000000,715.6600000000,6220.7100000000,箱
INV-241200026,4,DN-2024-5941-4,SO-2024-4978-4,MTL-B001,44.1100000000,369.5600000000,2119.1700000000,18420.4600000000,L
INV-241200026,5,DN-2024-5941-5,SO-2024-4978-5,MTL-E002,81.0100000000,273.7000000000,2882.4200000000,25054.8600000000,箱
INV-240800027,1,DN-2024-2419-1,SO-2025-6280-1,MTL-C002,3.8400000000,426.9700000000,213.1400000000,1852.7000000000,kg
INV-240800027,2,DN-2024-2419-2,SO-2025-6280-2,MTL-D002,22.0000000000,400.9400000000,1146.6900000000,9967.3700000000,套
INV-240800027,3,DN-2024-2419-3,SO-2025-6280-3,MTL-C001,88.1500000000,353.5800000000,4051.8500000000,35219.9300000000,L
INV-240800027,4,DN-2024-2419-4,SO-2025-6280-4,MTL-E001,2.0000000000,474.5500000000,123.3800000000,1072.4800000000,个
INV-240400028,1,DN-2025-9041-1,SO-2025-4937-1,MTL-C001,66.7300000000,190.8200000000,1655.3400000000,14388.7600000000,套
INV-240400028,2,DN-2025-9041-2,SO-2025-4937-2,MTL-D001,99.6700000000,279.6900000000,3623.9700000000,31500.6700000000,套
INV-241200029,1,DN-2025-4777-1,SO-2025-6023-1,MTL-B002,22.4200000000,247.2600000000,720.6600000000,6264.2300000000,L
INV-241200029,2,DN-2025-4777-2,SO-2025-6023-2,MTL-A002,83.4300000000,155.1600000000,1682.8500000000,14627.8500000000,套
INV-240300030,1,DN-2024-5494-1,SO-2024-9751-1,MTL-A002,87.4000000000,291.2900000000,3309.6400000000,28768.3900000000,箱
INV-240300030,2,DN-2024-5494-2,SO-2024-9751-2,MTL-D002,44.6100000000,100.3400000000,581.9000000000,5058.0700000000,件
INV-240300030,3,DN-2024-5494-3,SO-2024-9751-3,MTL-C001,94.1700000000,244.0900000000,2988.1700000000,25974.1300000000,个
INV-240300030,4,DN-2024-5494-4,SO-2024-9751-4,MTL-D001,49.6800000000,292.7400000000,1890.6300000000,16433.9500000000,件
INV-240300031,1,DN-2024-2940-1,SO-2025-2395-1,MTL-E001,38.6600000000,455.1700000000,2287.5900000000,19884.4600000000,L
INV-240300031,2,DN-2024-2940-2,SO-2025-2395-2,MTL-E002,99.0100000000,159.6400000000,2054.7700000000,17860.7300000000,件
INV-241000032,1,DN-2025-2330-1,SO-2024-4457-1,MTL-D002,69.2500000000,240.2600000000,2162.9400000000,18800.9500000000,件
INV-241000032,2,DN-2025-2330-2,SO-2024-4457-2,MTL-B002,29.5200000000,148.5300000000,570.0000000000,4954.6100000000,箱
INV-241000032,3,DN-2025-2330-3,SO-2024-4457-3,MTL-A002,69.0500000000,462.7200000000,4153.6100000000,36104.4300000000,m
INV-241000032,4,DN-2025-2330-4,SO-2024-4457-4,MTL-D001,12.3600000000,120.1600000000,193.0700000000,1678.2500000000,kg
INV-240500033,1,DN-2024-6039-1,SO-2024-1977-1,MTL-C001,70.2700000000,471.9100000000,4310.9500000000,37472.0700000000,箱
INV-240500033,2,DN-2024-6039-2,SO-2024-1977-2,MTL-D002,8.9600000000,29.5300000000,34.4000000000,298.9900000000,台
INV-240500033,3,DN-2024-6039-3,SO-2024-1977-3,MTL-C002,60.7700000000,22.6700000000,179.1000000000,1556.7600000000,m
INV-240500033,4,DN-2024-6039-4,SO-2024-1977-4,MTL-E002,59.1300000000,20.1700000000,155.0400000000,1347.6900000000,L
INV-241000034,1,DN-2025-5557-1,SO-2024-8708-1,MTL-C002,41.4300000000,167.3200000000,901.1700000000,7833.2400000000,个
INV-241000034,2,DN-2025-5557-2,SO-2024-8708-2,MTL-B001,33.6500000000,349.9000000000,1530.6400000000,13304.7700000000,L
INV-241000034,3,DN-2025-5557-3,SO-2024-8708-3,MTL-D001,81.5400000000,279.5500000000,2963.2900000000,25757.8000000000,箱
INV-241000034,4,DN-2025-5557-4,SO-2024-8708-4,MTL-A002,32.1400000000,168.4000000000,703.6100000000,6115.9900000000,台
INV-240900035,1,DN-2024-4073-1,SO-2025-7770-1,MTL-B002,27.4400000000,74.2000000000,264.6900000000,2300.7400000000,L
INV-240800036,1,DN-2024-3594-1,SO-2024-1472-1,MTL-D002,94.7600000000,327.3800000000,4032.9300000000,35055.4600000000,kg
INV-240800037,1,DN-2025-8736-1,SO-2025-7807-1,MTL-E001,74.8800000000,76.8900000000,748.4800000000,6506.0000000000,个
INV-240800037,2,DN-2025-8736-2,SO-2025-7807-2,MTL-C001,77.4900000000,428.6600000000,4318.1900000000,37535.0500000000,套
INV-240800037,3,DN-2025-8736-3,SO-2025-7807-3,MTL-E001,27.4500000000,11.2600000000,40.1800000000,349.2700000000,L
INV-240800037,4,DN-2025-8736-4,SO-2025-7807-4,MTL-E002,58.4100000000,333.3700000000,2531.3800000000,22003.5200000000,kg
INV-240800037,5,DN-2025-8736-5,SO-2025-7807-5,MTL-D002,54.3200000000,179.1100000000,1264.8000000000,10994.0600000000,台
INV-240800038,1,DN-2025-4826-1,SO-2024-4912-1,MTL-D001,98.8500000000,398.2700000000,5117.9700000000,44486.9600000000,kg
INV-240800038,2,DN-2025-4826-2,SO-2024-4912-2,MTL-D002,96.5200000000,71.8600000000,901.6700000000,7837.6000000000,套
INV-240800038,3,DN-2025-4826-3,SO-2024-4912-3,MTL-A002,87.5400000000,225.7500000000,2569.0800000000,22331.2400000000,箱
INV-240800038,4,DN-2025-4826-4,SO-2024-4912-4,MTL-A001,72.5200000000,210.8900000000,1988.1900000000,17281.9300000000,kg
INV-240200039,1,DN-2025-2315-1,SO-2025-6546-1,MTL-D002,87.3700000000,27.5900000000,313.3700000000,2723.9100000000,个
INV-240200039,2,DN-2025-2315-2,SO-2025-6546-2,MTL-B002,63.4800000000,461.2600000000,3806.5000000000,33087.2800000000,m
INV-240200039,3,DN-2025-2315-3,SO-2025-6546-3,MTL-A002,43.9600000000,58.2400000000,332.8300000000,2893.0600000000,个
INV-240800040,1,DN-2024-6314-1,SO-2025-1474-1,MTL-E001,41.7900000000,344.0800000000,1869.2800000000,16248.3800000000,kg
INV-240800040,2,DN-2024-6314-2,SO-2025-1474-2,MTL-B001,18.3300000000,308.6500000000,735.4800000000,6393.0300000000,台
INV-241000041,1,DN-2024-8555-1,SO-2025-3344-1,MTL-C001,68.0800000000,87.4100000000,773.6100000000,6724.4800000000,箱
INV-241000041,2,DN-2024-8555-2,SO-2025-3344-2,MTL-C002,98.7800000000,156.5900000000,2010.8300000000,17478.7900000000,台
INV-241000041,3,DN-2024-8555-3,SO-2025-3344-3,MTL-C001,46.2300000000,158.0400000000,949.8000000000,8255.9900000000,台
INV-241000041,4,DN-2024-8555-4,SO-2025-3344-4,MTL-D002,11.5600000000,196.8700000000,295.8600000000,2571.6800000000,套
INV-241000042,1,DN-2025-5497-1,SO-2025-1359-1,MTL-D002,83.4500000000,452.4400000000,4908.3000000000,42664.4200000000,m
INV-241000042,2,DN-2025-5497-2,SO-2025-1359-2,MTL-E002,80.3900000000,117.3100000000,1225.9700000000,10656.5200000000,m
INV-241000042,3,DN-2025-5497-3,SO-2025-1359-3,MTL-E002,25.8100000000,380.2300000000,1275.7900000000,11089.5300000000,kg
INV-241000042,4,DN-2025-5497-4,SO-2025-1359-4,MTL-A002,90.4400000000,326.7100000000,3841.1900000000,33388.8400000000,L
INV-241000042,5,DN-2025-5497-5,SO-2025-1359-5,MTL-D002,4.3000000000,188.7800000000,105.5300000000,917.2800000000,kg
INV-240200043,1,DN-2024-4289-1,SO-2025-7807-1,MTL-B001,26.4400000000,414.1000000000,1423.3400000000,12372.1400000000,箱
INV-240200043,2,DN-2024-4289-2,SO-2025-7807-2,MTL-C001,74.9100000000,175.9700000000,1713.6500000000,14895.5600000000,个
INV-240200043,3,DN-2024-4289-3,SO-2025-7807-3,MTL-D002,96.3300000000,78.9700000000,988.9300000000,8596.1100000000,m
INV-241100044,1,DN-2025-1228-1,SO-2025-2479-1,MTL-E002,38.7200000000,322.8900000000,1625.3000000000,14127.6000000000,套
INV-241100044,2,DN-2025-1228-2,SO-2025-2479-2,MTL-A002,67.8100000000,241.0200000000,2124.6600000000,18468.2300000000,套
INV-241100044,3,DN-2025-1228-3,SO-2025-2479-3,MTL-E002,22.9200000000,40.9800000000,122.1000000000,1061.3600000000,箱
INV-241200045,1,DN-2024-1742-1,SO-2025-2911-1,MTL-B001,39.4800000000,191.8000000000,984.3900000000,8556.6500000000,台
INV-241200045,2,DN-2024-1742-2,SO-2025-2911-2,MTL-E002,74.4800000000,85.7200000000,829.9800000000,7214.4100000000,台
INV-241200045,3,DN-2024-1742-3,SO-2025-2911-3,MTL-A002,83.5400000000,311.6700000000,3384.8000000000,29421.7100000000,L
INV-241200045,4,DN-2024-1742-4,SO-2025-2911-4,MTL-A001,69.3400000000,116.4600000000,1049.7900000000,9125.1300000000,箱
INV-241200045,5,DN-2024-1742-5,SO-2025-2911-5,MTL-B002,85.6900000000,58.6800000000,653.6800000000,5681.9700000000,套
INV-240900046,1,DN-2025-4109-1,SO-2024-7523-1,MTL-E002,97.1400000000,34.7800000000,439.2100000000,3817.7400000000,套
INV-240900046,2,DN-2025-4109-2,SO-2024-7523-2,MTL-B002,98.8900000000,395.6200000000,5085.9700000000,44208.8300000000,m
INV-240200047,1,DN-2025-3417-1,SO-2024-4817-1,MTL-B001,54.4800000000,401.2700000000,2841.9500000000,24703.1400000000,个
INV-240200047,2,DN-2025-3417-2,SO-2024-4817-2,MTL-A001,14.0500000000,185.5400000000,338.8900000000,2945.7300000000,m
INV-241000048,1,DN-2025-1858-1,SO-2024-3854-1,MTL-D002,78.0200000000,261.4900000000,2652.1900000000,23053.6400000000,个
INV-241000048,2,DN-2025-1858-2,SO-2024-3854-2,MTL-D002,50.8800000000,473.2500000000,3130.2600000000,27209.2200000000,件
INV-241000048,3,DN-2025-1858-3,SO-2024-3854-3,MTL-E001,30.8600000000,325.2400000000,1304.8000000000,11341.7100000000,件
INV-241000048,4,DN-2025-1858-4,SO-2024-3854-4,MTL-A001,99.8600000000,425.1800000000,5519.6000000000,47978.0700000000,台
INV-241100049,1,DN-2024-2323-1,SO-2025-8267-1,MTL-E001,71.5000000000,196.6400000000,1827.7700000000,15887.5300000000,L
INV-241100049,2,DN-2024-2323-2,SO-2025-8267-2,MTL-D002,51.0500000000,220.8000000000,1465.3400000000,12737.1800000000,个
INV-241100049,3,DN-2024-2323-3,SO-2025-8267-3,MTL-E001,72.3600000000,115.3600000000,1085.1700000000,9432.6200000000,箱
INV-241100049,4,DN-2024-2323-4,SO-2025-8267-4,MTL-B002,41.9700000000,415.4400000000,2266.6800000000,19702.7000000000,台
INV-241100049,5,DN-2024-2323-5,SO-2025-8267-5,MTL-D001,73.2300000000,163.1500000000,1553.1700000000,13500.6400000000,套
INV-241100050,1,DN-2025-2099-1,SO-2025-3500-1,MTL-B001,56.0800000000,297.3700000000,2167.9500000000,18844.4600000000,套
INV-241100050,2,DN-2025-2099-2,SO-2025-3500-2,MTL-A002,41.6700000000,438.0700000000,2373.0700000000,20627.4500000000,台
INV-241100050,3,DN-2025-2099-3,SO-2025-3500-3,MTL-A001,96.8700000000,304.2000000000,3830.8200000000,33298.6700000000,套
INV-240200051,1,DN-2024-2773-1,SO-2024-8900-1,MTL-B002,80.9100000000,424.1300000000,4461.1300000000,38777.4900000000,件
INV-240200051,2,DN-2024-2773-2,SO-2024-8900-2,MTL-E002,92.9800000000,416.4400000000,5033.6800000000,43754.2700000000,L
INV-240200051,3,DN-2024-2773-3,SO-2024-8900-3,MTL-A001,18.8600000000,354.3200000000,868.7200000000,7551.2000000000,L
INV-240200051,4,DN-2024-2773-4,SO-2024-8900-4,MTL-C002,35.7500000000,98.8900000000,459.5900000000,3994.9100000000,kg
INV-240200051,5,DN-2024-2773-5,SO-2024-8900-5,MTL-E002,66.0800000000,44.1000000000,378.8400000000,3292.9700000000,件
INV-240200052,1,DN-2025-6585-1,SO-2025-7878-1,MTL-E002,9.4100000000,35.7800000000,43.7700000000,380.4600000000,kg
INV-240200052,2,DN-2025-6585-2,SO-2025-7878-2,MTL-E002,5.9300000000,49.9700000000,38.5200000000,334.8400000000,箱
INV-240200052,3,DN-2025-6585-3,SO-2025-7878-3,MTL-D001,49.0800000000,226.6000000000,1445.8000000000,12567.3300000000,L
INV-240200052,4,DN-2025-6585-4,SO-2025-7878-4,MTL-B002,75.7400000000,65.7700000000,647.5800000000,5629.0000000000,台
INV-240200052,5,DN-2025-6585-5,SO-2025-7878-5,MTL-A002,29.0400000000,342.4600000000,1292.8600000000,11237.9000000000,箱
INV-240900053,1,DN-2025-1897-1,SO-2024-4612-1,MTL-C001,33.4800000000,13.7900000000,60.0200000000,521.7100000000,台
INV-240900053,2,DN-2025-1897-2,SO-2024-4612-2,MTL-B001,13.7900000000,270.9700000000,485.7700000000,4222.4500000000,m
INV-240900053,3,DN-2025-1897-3,SO-2024-4612-3,MTL-E001,56.3100000000,337.3400000000,2469.4300000000,21465.0500000000,套
INV-240200054,1,DN-2024-8532-1,SO-2024-8147-1,MTL-C001,12.4000000000,20.2200000000,32.5900000000,283.3200000000,套
INV-240200054,2,DN-2024-8532-2,SO-2024-8147-2,MTL-B001,80.3300000000,312.8800000000,3267.3700000000,28401.0200000000,套
INV-240200054,3,DN-2024-8532-3,SO-2024-8147-3,MTL-A002,44.2300000000,61.8700000000,355.7500000000,3092.2600000000,台
INV-240200054,4,DN-2024-8532-4,SO-2024-8147-4,MTL-E002,40.6400000000,48.5400000000,256.4500000000,2229.1200000000,L
INV-241200055,1,DN-2024-2251-1,SO-2024-6456-1,MTL-C002,73.0100000000,411.2800000000,3903.5800000000,33931.1300000000,kg
INV-241200055,2,DN-2024-2251-2,SO-2024-6456-2,MTL-B002,11.1800000000,135.4200000000,196.8200000000,1710.8200000000,kg
INV-241200055,3,DN-2024-2251-3,SO-2024-6456-3,MTL-E002,16.1300000000,381.9800000000,800.9700000000,6962.3100000000,个
INV-240300056,1,DN-2025-6179-1,SO-2025-8354-1,MTL-E002,6.5600000000,258.6000000000,220.5300000000,1916.9500000000,L
INV-240300056,2,DN-2025-6179-2,SO-2025-8354-2,MTL-D002,45.7400000000,37.8800000000,225.2400000000,1957.8700000000,L
INV-240300056,3,DN-2025-6179-3,SO-2025-8354-3,MTL-A002,64.8200000000,488.9100000000,4119.8500000000,35811.0000000000,个
INV-241000057,1,DN-2025-4084-1,SO-2025-1672-1,MTL-A002,81.2900000000,420.3100000000,4441.7100000000,38608.7100000000,个
INV-241000057,2,DN-2025-4084-2,SO-2025-1672-2,MTL-E001,64.9700000000,29.1800000000,246.4600000000,2142.2800000000,箱
INV-241000057,3,DN-2025-4084-3,SO-2025-1672-3,MTL-D002,52.8800000000,308.8000000000,2122.8100000000,18452.1500000000,套
INV-241000057,4,DN-2025-4084-4,SO-2025-1672-4,MTL-C002,91.8800000000,199.8300000000,2386.8500000000,20747.2300000000,套
INV-241100058,1,DN-2025-2548-1,SO-2025-2079-1,MTL-B001,34.0000000000,295.5400000000,1306.2900000000,11354.6500000000,kg
INV-241100058,2,DN-2025-2548-2,SO-2025-2079-2,MTL-C002,31.7100000000,331.4700000000,1366.4200000000,11877.3300000000,台
INV-241100058,3,DN-2025-2548-3,SO-2025-2079-3,MTL-B001,59.9100000000,469.6200000000,3657.5400000000,31792.4700000000,L
INV-241100058,4,DN-2025-2548-4,SO-2025-2079-4,MTL-E001,38.2900000000,397.9100000000,1980.6800000000,17216.6500000000,kg
INV-241100058,5,DN-2025-2548-5,SO-2025-2079-5,MTL-E001,10.2500000000,338.5200000000,451.0800000000,3920.9100000000,套
INV-240100059,1,DN-2024-6598-1,SO-2025-3953-1,MTL-A002,51.2600000000,274.4900000000,1829.1500000000,15899.5100000000,件
INV-240100059,2,DN-2024-6598-2,SO-2025-3953-2,MTL-C002,87.7600000000,312.8400000000,3569.1300000000,31023.9700000000,台
INV-240100059,3,DN-2024-6598-3,SO-2025-3953-3,MTL-B001,17.0600000000,417.3600000000,925.6200000000,8045.7800000000,kg
INV-241200060,1,DN-2025-4891-1,SO-2024-7731-1,MTL-E001,24.6800000000,483.1400000000,1550.1100000000,13474.0100000000,箱
INV-241200060,2,DN-2025-4891-2,SO-2024-7731-2,MTL-B002,37.4200000000,474.0900000000,2306.2600000000,20046.7100000000,箱
INV-250800061,1,DN-2025-3655-1,SO-2025-9239-1,MTL-D002,87.5400000000,281.7200000000,3206.0300000000,27867.8000000000,个
INV-250200062,1,DN-2025-8361-1,SO-2024-3626-1,MTL-D002,88.5800000000,465.9300000000,5365.3700000000,46637.4500000000,台
INV-250200062,2,DN-2025-8361-2,SO-2024-3626-2,MTL-A001,40.2500000000,193.2400000000,1011.1300000000,8789.0400000000,台
INV-250200063,1,DN-2025-2623-1,SO-2024-1461-1,MTL-D002,69.9100000000,78.0100000000,708.9800000000,6162.6600000000,箱
INV-250200063,2,DN-2025-2623-2,SO-2024-1461-2,MTL-D002,61.9200000000,453.8700000000,3653.4700000000,31757.1000000000,件
INV-250200063,3,DN-2025-2623-3,SO-2024-1461-3,MTL-C001,22.3500000000,83.2600000000,241.9100000000,2102.7700000000,台
INV-250200064,1,DN-2024-1782-1,SO-2024-5934-1,MTL-D002,60.0800000000,18.0500000000,140.9800000000,1225.4200000000,m
INV-250300065,1,DN-2025-4941-1,SO-2025-1025-1,MTL-A002,95.3900000000,276.6000000000,3430.0300000000,29814.9000000000,件
INV-250300065,2,DN-2025-4941-2,SO-2025-1025-2,MTL-D001,87.4600000000,31.3300000000,356.2200000000,3096.3400000000,台
INV-250300065,3,DN-2025-4941-3,SO-2025-1025-3,MTL-C002,26.1100000000,17.9600000000,60.9600000000,529.9000000000,个
INV-250600066,1,DN-2024-1726-1,SO-2024-6447-1,MTL-D002,63.5400000000,407.6300000000,3367.1100000000,29267.9200000000,个
INV-250600066,2,DN-2024-1726-2,SO-2024-6447-2,MTL-D002,4.6600000000,108.7800000000,65.9000000000,572.8100000000,m
INV-250600066,3,DN-2024-1726-3,SO-2024-6447-3,MTL-A001,32.2400000000,161.9400000000,678.7200000000,5899.6700000000,台
INV-250600066,4,DN-2024-1726-4,SO-2024-6447-4,MTL-E001,47.8700000000,27.9400000000,173.8700000000,1511.3600000000,m
INV-250500067,1,DN-2025-3039-1,SO-2024-6438-1,MTL-C002,97.4000000000,253.1400000000,3205.2600000000,27861.1000000000,箱
INV-250500067,2,DN-2025-3039-2,SO-2024-6438-2,MTL-C002,92.5100000000,264.4500000000,3180.3600000000,27644.6300000000,个
INV-250500067,3,DN-2025-3039-3,SO-2024-6438-3,MTL-D001,8.8100000000,305.2000000000,349.5500000000,3038.3600000000,kg
INV-250500067,4,DN-2025-3039-4,SO-2024-6438-4,MTL-E001,30.0800000000,60.2700000000,235.6800000000,2048.6000000000,套
INV-250500068,1,DN-2024-8272-1,SO-2025-7981-1,MTL-C001,64.3100000000,397.8200000000,3325.8900000000,28909.6900000000,件
INV-250500068,2,DN-2024-8272-2,SO-2025-7981-2,MTL-A002,67.4500000000,209.0400000000,1832.9700000000,15932.7200000000,kg
INV-250500068,3,DN-2024-8272-3,SO-2025-7981-3,MTL-A001,15.1400000000,307.7100000000,605.6300000000,5264.3600000000,箱
INV-250500068,4,DN-2024-8272-4,SO-2025-7981-4,MTL-A001,13.5000000000,125.6400000000,220.5000000000,1916.6400000000,套
INV-250600069,1,DN-2025-7077-1,SO-2024-3513-1,MTL-D001,32.1200000000,146.5600000000,611.9800000000,5319.4900000000,个
INV-250600069,2,DN-2025-7077-2,SO-2024-3513-2,MTL-A001,73.8300000000,254.5300000000,2442.9500000000,21234.9000000000,台
INV-250600069,3,DN-2025-7077-3,SO-2024-3513-3,MTL-E001,12.6600000000,389.7300000000,641.4200000000,5575.4000000000,箱
INV-250400070,1,DN-2024-3223-1,SO-2025-4279-1,MTL-C002,67.1200000000,357.6700000000,3120.8900000000,27127.7000000000,L
INV-250500071,1,DN-2024-2988-1,SO-2024-6922-1,MTL-E002,37.5200000000,403.7900000000,1969.5300000000,17119.7300000000,kg
INV-250500071,2,DN-2024-2988-2,SO-2024-6922-2,MTL-E002,88.5400000000,42.2200000000,485.9600000000,4224.1200000000,台
INV-250500071,3,DN-2024-2988-3,SO-2024-6922-3,MTL-D002,53.0400000000,386.8900000000,2667.6800000000,23188.3300000000,个
INV-250500071,4,DN-2024-2988-4,SO-2024-6922-4,MTL-B001,97.2700000000,324.7500000000,4106.5000000000,35694.9300000000,箱
INV-250500071,5,DN-2024-2988-5,SO-2024-6922-5,MTL-D002,68.3300000000,178.8100000000,1588.3500000000,13806.4400000000,kg
INV-250300072,1,DN-2024-5982-1,SO-2024-3034-1,MTL-C001,84.7500000000,132.8000000000,1463.1200000000,12717.9200000000,L
INV-250300072,2,DN-2024-5982-2,SO-2024-3034-2,MTL-B001,62.8800000000,311.0700000000,2542.8100000000,22102.8900000000,个
INV-250300072,3,DN-2024-5982-3,SO-2024-3034-3,MTL-E001,64.4600000000,299.9900000000,2513.8600000000,21851.2200000000,kg
INV-250300072,4,DN-2024-5982-4,SO-2024-3034-4,MTL-B001,66.2100000000,363.1100000000,3125.4000000000,27166.9100000000,套
INV-250300072,5,DN-2024-5982-5,SO-2024-3034-5,MTL-E002,5.0800000000,433.2500000000,286.1200000000,2487.0300000000,个
INV-250100073,1,DN-2024-9159-1,SO-2024-7825-1,MTL-C001,45.9000000000,347.4200000000,2073.0600000000,18019.6400000000,kg
INV-250100073,2,DN-2024-9159-2,SO-2024-7825-2,MTL-D002,42.1500000000,237.5800000000,1301.8200000000,11315.8200000000,套
INV-250100073,3,DN-2024-9159-3,SO-2024-7825-3,MTL-E002,15.2200000000,432.1300000000,855.0100000000,7432.0300000000,套
INV-250100073,4,DN-2024-9159-4,SO-2024-7825-4,MTL-C002,97.5600000000,74.0800000000,939.5400000000,8166.7800000000,套
INV-250200074,1,DN-2024-5382-1,SO-2024-8642-1,MTL-E002,42.4000000000,481.7200000000,2655.2400000000,23080.1700000000,kg
INV-250200074,2,DN-2024-5382-2,SO-2024-8642-2,MTL-C002,93.4400000000,363.3500000000,4413.6800000000,38365.1000000000,m
INV-250200074,3,DN-2024-5382-3,SO-2024-8642-3,MTL-B001,50.3300000000,262.2200000000,1715.6800000000,14913.2100000000,箱
INV-250200074,4,DN-2024-5382-4,SO-2024-8642-4,MTL-C001,50.2400000000,54.1200000000,353.4700000000,3072.4600000000,台
INV-250800075,1,DN-2024-1828-1,SO-2024-6781-1,MTL-E001,1.8100000000,62.6700000000,14.7500000000,128.1800000000,kg
INV-250800075,2,DN-2024-1828-2,SO-2024-6781-2,MTL-C001,73.0200000000,384.2900000000,3647.9100000000,31708.7700000000,套
INV-250800075,3,DN-2024-1828-3,SO-2024-6781-3,MTL-A001,40.6600000000,289.4400000000,1529.9200000000,13298.5500000000,m
INV-250600076,1,DN-2025-5582-1,SO-2024-7329-1,MTL-D001,37.9500000000,493.5300000000,2434.8300000000,21164.2900000000,套
INV-250300077,1,DN-2024-1742-1,SO-2025-9193-1,MTL-E002,89.4200000000,78.4900000000,912.4200000000,7931.0000000000,套
INV-250300077,2,DN-2024-1742-2,SO-2025-9193-2,MTL-B001,39.9000000000,312.0900000000,1618.8100000000,14071.2000000000,L
INV-250600078,1,DN-2024-7035-1,SO-2025-8780-1,MTL-E002,47.9800000000,483.8600000000,3018.0300000000,26233.6300000000,m
INV-250100079,1,DN-2025-3421-1,SO-2024-9589-1,MTL-B002,2.8700000000,163.7100000000,61.0800000000,530.9300000000,kg
INV-250700080,1,DN-2025-2020-1,SO-2025-9221-1,MTL-E001,38.3100000000,478.7800000000,2384.4700000000,20726.5300000000,箱
INV-250700080,2,DN-2025-2020-2,SO-2025-9221-2,MTL-E001,34.8900000000,183.6000000000,832.7500000000,7238.5500000000,L
INV-250700080,3,DN-2025-2020-3,SO-2025-9221-3,MTL-E002,48.9300000000,479.1000000000,3047.5100000000,26489.8700000000,L
INV-250700080,4,DN-2025-2020-4,SO-2025-9221-4,MTL-E001,30.5500000000,471.3300000000,1871.8900000000,16271.0200000000,L
INV-250500081,1,DN-2025-6714-1,SO-2025-6194-1,MTL-E002,67.9900000000,196.0500000000,1732.8300000000,15062.2700000000,台
INV-250600082,1,DN-2025-2294-1,SO-2025-1689-1,MTL-B002,82.9700000000,142.8600000000,1540.9000000000,13393.9900000000,L
INV-250600082,2,DN-2025-2294-2,SO-2025-1689-2,MTL-B001,11.8100000000,373.0400000000,572.7300000000,4978.3300000000,m
INV-250400083,1,DN-2024-2641-1,SO-2024-4814-1,MTL-A001,96.4900000000,489.1800000000,6136.1300000000,53337.1100000000,kg
INV-250400083,2,DN-2024-2641-2,SO-2024-4814-2,MTL-D001,65.6400000000,441.5200000000,3767.5800000000,32748.9500000000,箱
INV-250800084,1,DN-2025-1969-1,SO-2025-6262-1,MTL-B001,42.3700000000,420.4300000000,2315.7700000000,20129.3900000000,件
INV-250700085,1,DN-2024-1151-1,SO-2024-5742-1,MTL-E001,49.9000000000,469.8900000000,3048.1800000000,26495.6900000000,箱
INV-250700085,2,DN-2024-1151-2,SO-2024-5742-2,MTL-C001,20.0900000000,65.2000000000,170.2800000000,1480.1500000000,kg
INV-250700085,3,DN-2024-1151-3,SO-2024-5742-3,MTL-D002,65.1800000000,362.1100000000,3068.3000000000,26670.6300000000,件
INV-250700085,4,DN-2024-1151-4,SO-2024-5742-4,MTL-C002,79.2900000000,288.2100000000,2970.7800000000,25822.9500000000,m
INV-250700085,5,DN-2024-1151-5,SO-2024-5742-5,MTL-B001,61.4800000000,322.9800000000,2581.3900000000,22438.2000000000,台
INV-250700086,1,DN-2024-4027-1,SO-2024-7567-1,MTL-B002,45.2300000000,140.8300000000,828.0700000000,7197.8100000000,套
INV-250700086,2,DN-2024-4027-2,SO-2024-7567-2,MTL-C001,58.6600000000,290.7100000000,2216.9000000000,19269.9500000000,L
INV-250700086,3,DN-2024-4027-3,SO-2024-7567-3,MTL-C002,69.5800000000,40.4400000000,365.8000000000,3179.6200000000,个
INV-250700086,4,DN-2024-4027-4,SO-2024-7567-4,MTL-D002,31.3700000000,208.6500000000,850.9000000000,7396.2500000000,L
INV-250200087,1,DN-2024-3188-1,SO-2025-4618-1,MTL-D002,75.9800000000,402.9800000000,3980.3900000000,34598.8100000000,m
INV-250200087,2,DN-2024-3188-2,SO-2025-4618-2,MTL-B002,68.3500000000,301.9500000000,2682.9800000000,23321.2600000000,个
INV-250200087,3,DN-2024-3188-3,SO-2025-4618-3,MTL-E001,45.2300000000,354.8500000000,2086.4800000000,18136.3500000000,个
INV-250200087,4,DN-2024-3188-4,SO-2025-4618-4,MTL-E002,12.1100000000,416.1000000000,655.0700000000,5694.0400000000,m
INV-250200087,5,DN-2024-3188-5,SO-2025-4618-5,MTL-E002,54.1300000000,90.6200000000,637.6800000000,5542.9400000000,箱
INV-250200088,1,DN-2025-1911-1,SO-2025-2489-1,MTL-D002,67.6000000000,161.0000000000,1414.8700000000,12298.4700000000,件
INV-250200088,2,DN-2025-1911-2,SO-2025-2489-2,MTL-D001,26.1900000000,11.4800000000,39.0900000000,339.7500000000,m
INV-250200088,3,DN-2025-1911-3,SO-2025-2489-3,MTL-E002,8.2300000000,217.6100000000,232.8200000000,2023.7500000000,个
INV-250200088,4,DN-2025-1911-4,SO-2025-2489-4,MTL-E001,99.4200000000,467.9500000000,6048.0700000000,52571.6600000000,个
INV-250200088,5,DN-2025-1911-5,SO-2025-2489-5,MTL-D002,4.1400000000,210.3400000000,113.2100000000,984.0200000000,kg
INV-250700089,1,DN-2025-7154-1,SO-2025-8348-1,MTL-A002,18.6700000000,273.2600000000,663.2300000000,5764.9900000000,kg
INV-250700089,2,DN-2025-7154-2,SO-2025-8348-2,MTL-B002,83.6500000000,380.5300000000,4138.0700000000,35969.4000000000,L
INV-250700089,3,DN-2025-7154-3,SO-2025-8348-3,MTL-D002,67.6800000000,276.7800000000,2435.2200000000,21167.6900000000,台
INV-250400090,1,DN-2024-5516-1,SO-2025-6671-1,MTL-E002,76.8400000000,443.0400000000,4425.6100000000,38468.8000000000,件
INV-250400090,2,DN-2024-5516-2,SO-2025-6671-2,MTL-B002,21.4000000000,59.4400000000,165.3600000000,1437.3800000000,件
INV-250400090,3,DN-2024-5516-3,SO-2025-6671-3,MTL-D002,60.1800000000,354.6100000000,2774.2600000000,24114.6900000000,件
INV-250400090,4,DN-2024-5516-4,SO-2025-6671-4,MTL-B002,74.3100000000,207.1100000000,2000.7400000000,17391.0800000000,m
INV-250400091,1,DN-2025-4836-1,SO-2024-9255-1,MTL-B002,30.8700000000,80.2000000000,321.8500000000,2797.6200000000,m
INV-250400091,2,DN-2025-4836-2,SO-2024-9255-2,MTL-D001,30.7500000000,39.8700000000,159.3800000000,1385.3800000000,kg
INV-250400091,3,DN-2025-4836-3,SO-2024-9255-3,MTL-D001,56.0300000000,32.9700000000,240.1500000000,2087.4600000000,套
INV-250700092,1,DN-2024-5913-1,SO-2025-7688-1,MTL-C001,85.9000000000,80.7300000000,901.5100000000,7836.2200000000,箱
INV-250700092,2,DN-2024-5913-2,SO-2025-7688-2,MTL-A001,56.6800000000,484.2200000000,3567.9300000000,31013.5200000000,kg
INV-250700093,1,DN-2025-2295-1,SO-2025-4331-1,MTL-A001,27.5800000000,340.1000000000,1219.3900000000,10599.3500000000,件
INV-250700093,2,DN-2025-2295-2,SO-2025-4331-2,MTL-A002,19.6300000000,383.2300000000,977.9600000000,8500.7600000000,m
INV-250800094,1,DN-2024-4470-1,SO-2025-5967-1,MTL-B002,40.2700000000,127.2700000000,666.2700000000,5791.4300000000,套
INV-250800094,2,DN-2024-4470-2,SO-2025-5967-2,MTL-C001,38.6900000000,271.4900000000,1365.5100000000,11869.4600000000,套
INV-250800094,3,DN-2024-4470-3,SO-2025-5967-3,MTL-C001,26.8900000000,261.2800000000,913.3600000000,7939.1800000000,箱
INV-250800094,4,DN-2024-4470-4,SO-2025-5967-4,MTL-D002,10.7600000000,490.8500000000,686.6000000000,5968.1500000000,箱
INV-250800094,5,DN-2024-4470-5,SO-2025-5967-5,MTL-C002,91.5200000000,191.6500000000,2280.1800000000,19819.9900000000,台
INV-250100095,1,DN-2025-7841-1,SO-2024-1265-1,MTL-D002,55.5100000000,472.3000000000,3408.2600000000,29625.6300000000,套
INV-250100095,2,DN-2025-7841-2,SO-2024-1265-2,MTL-C001,76.5700000000,249.4200000000,2482.7500000000,21580.8400000000,箱
INV-250800096,1,DN-2024-9954-1,SO-2025-3773-1,MTL-E001,4.3500000000,424.8800000000,240.2700000000,2088.5000000000,件
INV-250100097,1,DN-2024-3474-1,SO-2024-4791-1,MTL-D002,66.2700000000,17.7100000000,152.5700000000,1326.2100000000,台
INV-250100097,2,DN-2024-3474-2,SO-2024-4791-2,MTL-A001,2.6600000000,363.8700000000,125.8300000000,1093.7200000000,L
INV-250100097,3,DN-2024-3474-3,SO-2024-4791-3,MTL-A001,50.7200000000,351.9500000000,2320.6200000000,20171.5200000000,台
INV-250100097,4,DN-2024-3474-4,SO-2024-4791-4,MTL-B001,11.5900000000,57.1900000000,86.1700000000,749.0000000000,kg
INV-250100097,5,DN-2024-3474-5,SO-2024-4791-5,MTL-B002,20.0000000000,267.9600000000,696.7000000000,6055.9000000000,套
INV-250500098,1,DN-2025-8520-1,SO-2024-7112-1,MTL-A001,10.2600000000,195.8400000000,261.2100000000,2270.5300000000,箱
INV-250100099,1,DN-2025-8109-1,SO-2024-2354-1,MTL-B002,21.9300000000,435.3800000000,1241.2200000000,10789.1000000000,箱
INV-250500100,1,DN-2024-3938-1,SO-2024-5593-1,MTL-A002,30.6300000000,286.3400000000,1140.1800000000,9910.7700000000,台
INV-250500100,2,DN-2024-3938-2,SO-2024-5593-2,MTL-E001,33.8400000000,380.2500000000,1672.8000000000,14540.4600000000,kg
INV-250500100,3,DN-2024-3938-3,SO-2024-5593-3,MTL-A002,50.5800000000,487.4200000000,3204.9800000000,27858.6800000000,件
INV-250500100,4,DN-2024-3938-4,SO-2024-5593-4,MTL-A002,44.2700000000,420.9500000000,2422.6100000000,21058.0700000000,套
INV-20250812-AF8471E1,1,DN20250810-002-1,SO-202507327-003-1,MAT-10011,0E-10,231.9000000000,0E-10,0E-10,套
INV-20250812-AF8471E1,2,DN20250810-002-2,SO-202507327-003-2,MAT-10042,0E-10,92.6600000000,0E-10,0E-10,套
INV-20250812-AF8471E1,3,DN20250810-002-3,SO-202507327-003-3,MAT-10023,0E-10,91.5500000000,0E-10,0E-10,件
INV-20250812-FECF809E,1,DN20250810-001-1,SO-20250778-002-1,MAT-10019,0E-10,49.0800000000,0E-10,0E-10,箱
INV-20250812-FECF809E,2,DN20250810-001-2,SO-20250778-002-2,MAT-10021,0E-10,39.5000000000,0E-10,0E-10,箱
INV-20250812-FECF809E,3,DN20250810-001-3,SO-20250778-002-3,MAT-10004,0E-10,113.5100000000,0E-10,0E-10,件
