sales_order_id,customer_id,quotation_id,order_date,required_delivery_date,status,total_amount,credit_check_result,remarks
SO-20250701-001,CUST-CN00016,QUO-20250701-001,2025-07-03,2025-07-11,已审核,75028.0,通过,推荐上海建设现在一起下载.
SO-20250701-002,CUST-CN00007,QUO-20250701-002,2025-07-04,2025-07-12,已审核,34262.0,通过,很多那些品牌其中免费谢谢结果.
SO-20250701-003,CUST-CN00010,QUO-20250701-003,2025-07-05,2025-07-13,草稿,32367.0,通过,推荐觉得当然北京软件.
SO-20250702-001,CUST-CN00016,QUO-20250702-001,2025-07-06,2025-07-14,已创建,33308.0,待审核,主题不能方面当前.
SO-20250702-002,CUST-CN00015,QUO-20250702-002,2025-07-07,2025-07-15,已审核,39206.0,待审核,那些方面积分学生业务全部部门.
SO-20250702-003,CUST-CN00017,QUO-20250702-003,2025-07-08,2025-07-16,已取消,86477.0,待审核,类别更多浏览发生一定没有而且.
SO-20250703-001,CUST-CN00012,QUO-20250703-001,2025-07-09,2025-07-17,部分发货,32519.0,待审核,回复不是行业这个发现.
SO-20250703-002,CUST-CN00009,QUO-20250703-002,2025-07-10,2025-07-18,已取消,62549.0,通过,女人公司更多相关世界发布.
SO-20250703-003,CUST-CN00012,QUO-20250703-003,2025-07-11,2025-07-19,已审核,83411.0,通过,设计只有记者要求密码运行资料.
SO-20250704-001,CUST-CN00007,QUO-20250704-001,2025-07-12,2025-07-20,已审核,63229.0,待审核,工作不会设备完全客户.
SO-20250704-002,CUST-CN00007,QUO-20250704-002,2025-07-13,2025-07-21,草稿,51797.0,待审核,孩子商品拥有.
SO-20250704-003,CUST-CN00001,QUO-20250704-003,2025-07-14,2025-07-22,草稿,33701.0,通过,功能服务学习可是.
SO-20250705-001,CUST-CN00015,QUO-20250705-001,2025-07-15,2025-07-23,已完成,79693.0,待审核,生活以下时候主题一下.
SO-20250705-002,CUST-CN00014,QUO-20250705-002,2025-07-16,2025-07-24,已完成,35711.0,通过,全部广告一个网络.
SO-20250705-003,CUST-CN00008,QUO-20250705-003,2025-07-17,2025-07-25,草稿,56950.0,待审核,汽车学习学生问题只要比较.
SO-20250706-001,CUST-CN00009,QUO-20250706-001,2025-07-18,2025-07-26,已取消,88704.0,待审核,城市情况是一以上为了目前产品提供.
SO-20250706-002,CUST-CN00007,QUO-20250706-002,2025-07-19,2025-07-27,已取消,78357.0,待审核,技术到了回复为了全部因此.
SO-20250706-003,CUST-CN00016,QUO-20250706-003,2025-07-20,2025-07-28,已审核,84266.0,通过,个人用户帖子城市网站知道提供.
SO-20250707-001,CUST-CN00001,QUO-20250707-001,2025-07-21,2025-07-29,草稿,35718.0,待审核,显示地址品牌同时事情这个当前手机.
SO-20250707-002,CUST-CN00014,QUO-20250707-002,2025-07-22,2025-07-30,已完成,57271.0,通过,文化一次网络.
SO-20250707-003,CUST-CN00012,QUO-20250707-003,2025-07-23,2025-07-31,已完成,81350.0,通过,男人如果这种.
SO-20250708-001,CUST-CN00014,QUO-20250708-001,2025-07-24,2025-08-01,部分发货,65056.0,通过,事情比较可能推荐时间全部.
SO-20250708-002,CUST-CN00017,QUO-20250708-002,2025-07-25,2025-08-02,已完成,36468.0,待审核,是一商品增加报告事情这个程序.
SO-20250708-003,CUST-CN00010,QUO-20250708-003,2025-07-26,2025-08-03,草稿,81822.0,通过,就是操作那些有些目前.
SO-20250709-001,CUST-CN00019,QUO-20250709-001,2025-07-27,2025-08-04,已审核,56079.0,待审核,经济需要工程技术.
SO-20250709-002,CUST-CN00009,QUO-20250709-002,2025-07-28,2025-08-05,已取消,15310.0,通过,可能全部不能北京.
SO-20250709-003,CUST-CN00016,QUO-20250709-003,2025-07-29,2025-08-06,已审核,49164.0,待审核,中国行业设备人员或者表示增加.
SO-20250710-001,CUST-CN00017,QUO-20250710-001,2025-07-30,2025-08-07,已取消,21491.0,待审核,希望现在系列系统.
SO-20250710-002,CUST-CN00008,QUO-20250710-002,2025-07-31,2025-08-08,草稿,72908.0,通过,日本搜索特别社会同时.
SO-20250710-003,CUST-CN00009,QUO-20250710-003,2025-08-01,2025-08-09,草稿,40475.0,待审核,时候目前精华问题只是他的.
SO-20250711-001,CUST-CN00013,QUO-20250711-001,2025-08-02,2025-08-10,部分发货,26311.0,通过,还是应该下载我的活动标准.
SO-20250711-002,CUST-CN00005,QUO-20250711-002,2025-08-03,2025-08-11,已取消,56110.0,待审核,不要一次下载她的类别不能通过.
SO-20250711-003,CUST-CN00006,QUO-20250711-003,2025-08-04,2025-08-12,已完成,29804.0,待审核,信息客户不过还是业务.
SO-20250712-001,CUST-CN00015,QUO-20250712-001,2025-08-05,2025-08-13,已完成,67495.0,待审核,相关那个查看必须开发喜欢.
SO-20250712-002,CUST-CN00012,QUO-20250712-002,2025-08-06,2025-08-14,已审核,59842.0,待审核,世界觉得上海的是.
SO-20250712-003,CUST-CN00007,QUO-20250712-003,2025-08-07,2025-08-15,已创建,33936.0,待审核,准备当前成为网上北京.
SO-20250713-001,CUST-CN00012,QUO-20250713-001,2025-08-08,2025-08-16,已审核,88951.0,待审核,国家时候那么加入注意男人.
SO-20250713-002,CUST-CN00017,QUO-20250713-002,2025-08-09,2025-08-17,部分发货,64116.0,待审核,特别能力组织地方他的任何.
SO-20250713-003,CUST-CN00001,QUO-20250713-003,2025-08-10,2025-08-18,已审核,83830.0,待审核,一些安全企业而且工程音乐.
SO-20250714-001,CUST-CN00003,QUO-20250714-001,2025-08-11,2025-08-19,已取消,31813.0,待审核,地址其他那些我们.
SO-20250714-002,CUST-CN00004,QUO-20250714-002,2025-08-12,2025-08-20,已取消,17976.0,通过,历史音乐只有非常状态.
SO-20250714-003,CUST-CN00014,QUO-20250714-003,2025-08-13,2025-08-21,部分发货,64028.0,待审核,成为威望规定深圳一种密码.
SO-20250715-001,CUST-CN00010,QUO-20250715-001,2025-08-14,2025-08-22,已审核,20622.0,通过,不是准备所以怎么商品完全关系.
SO-20250715-002,CUST-CN00012,QUO-20250715-002,2025-08-15,2025-08-23,部分发货,17419.0,待审核,一下非常这个也是软件.
SO-20250715-003,CUST-CN00008,QUO-20250715-003,2025-08-16,2025-08-24,已创建,22136.0,通过,系统软件方式功能类别责任.
SO-20250716-001,CUST-CN00011,QUO-20250716-001,2025-08-17,2025-08-25,已创建,72006.0,通过,注意以上然后作者政府一种.
SO-20250716-002,CUST-CN00010,QUO-20250716-002,2025-08-18,2025-08-26,部分发货,40693.0,通过,今年国际网络北京政府非常.
SO-20250716-003,CUST-CN00002,QUO-20250716-003,2025-08-19,2025-08-27,部分发货,53289.0,通过,你的企业那些业务.
SO-20250717-001,CUST-CN00012,QUO-20250717-001,2025-08-20,2025-08-28,已审核,52201.0,待审核,文件商品已经情况时候一般单位大学.
SO-20250717-002,CUST-CN00020,QUO-20250717-002,2025-08-21,2025-08-29,已创建,18144.0,通过,出现进入单位这么规定出来.
SO-20250717-003,CUST-CN00016,QUO-20250717-003,2025-08-22,2025-08-30,已审核,42330.0,通过,帖子地址你们威望发生品牌.
SO-20250718-001,CUST-CN00001,QUO-20250718-001,2025-08-23,2025-08-31,已审核,65819.0,通过,学习只有方式销售.
SO-20250718-002,CUST-CN00003,QUO-20250718-002,2025-08-24,2025-09-01,部分发货,28512.0,通过,类型完成中国音乐.
SO-20250718-003,CUST-CN00017,QUO-20250718-003,2025-08-25,2025-09-02,草稿,20843.0,通过,在线电子什么分析.
SO-20250719-001,CUST-CN00019,QUO-20250719-001,2025-08-26,2025-09-03,已创建,33087.0,待审核,开始显示这是只要.
SO-20250719-002,CUST-CN00018,QUO-20250719-002,2025-08-27,2025-09-04,已取消,38073.0,通过,任何查看她的他们等级但是.
SO-20250719-003,CUST-CN00011,QUO-20250719-003,2025-08-28,2025-09-05,部分发货,35835.0,待审核,认为一定城市音乐男人认为日期.
SO-20250720-001,CUST-CN00008,QUO-20250720-001,2025-08-29,2025-09-06,已取消,69952.0,通过,文章任何帮助论坛谢谢.
SO-20250720-002,CUST-CN00012,QUO-20250720-002,2025-08-30,2025-09-07,已创建,65994.0,待审核,表示成功解决.
SO-20250720-003,CUST-CN00009,QUO-20250720-003,2025-08-31,2025-09-08,已完成,48300.0,通过,控制威望最大制作管理之后成为.
SO-20250721-001,CUST-CN00008,QUO-20250721-001,2025-09-01,2025-09-09,已完成,65020.0,待审核,网站类别应用销售文化.
SO-20250721-002,CUST-CN00011,QUO-20250721-002,2025-09-02,2025-09-10,已完成,80915.0,待审核,电脑有限个人无法知道.
SO-20250721-003,CUST-CN00004,QUO-20250721-003,2025-09-03,2025-09-11,已取消,78178.0,通过,发布可是留言.
SO-20250722-001,CUST-CN00009,QUO-20250722-001,2025-09-04,2025-09-12,部分发货,53554.0,通过,今年重要最新学校参加提高选择.
SO-20250722-002,CUST-CN00018,QUO-20250722-002,2025-09-05,2025-09-13,已取消,72137.0,待审核,名称什么我们中心当前制作.
SO-20250722-003,CUST-CN00004,QUO-20250722-003,2025-09-06,2025-09-14,已审核,54626.0,待审核,大学解决销售一切.
SO-20250723-001,CUST-CN00012,QUO-20250723-001,2025-09-07,2025-09-15,已创建,68890.0,通过,只有免费今天.
SO-20250723-002,CUST-CN00004,QUO-20250723-002,2025-09-08,2025-09-16,部分发货,26214.0,通过,经济以上国家手机发布更多都是.
SO-20250723-003,CUST-CN00002,QUO-20250723-003,2025-09-09,2025-09-17,已取消,71089.0,通过,决定来源有些.
SO-20250724-001,CUST-CN00003,QUO-20250724-001,2025-09-10,2025-09-18,已审核,70162.0,通过,运行图片投资这种比较点击电话.
SO-20250724-002,CUST-CN00015,QUO-20250724-002,2025-09-11,2025-09-19,已取消,58238.0,待审核,继续一直类别网上全部关系事情这个.
SO-20250724-003,CUST-CN00020,QUO-20250724-003,2025-09-12,2025-09-20,草稿,74820.0,待审核,规定如何能力以上评论.
SO-20250725-001,CUST-CN00019,QUO-20250725-001,2025-09-13,2025-09-21,部分发货,89266.0,待审核,以及学生情况如何朋友出来非常.
SO-20250725-002,CUST-CN00020,QUO-20250725-002,2025-09-14,2025-09-22,草稿,22694.0,通过,准备直接系列城市生活.
SO-20250725-003,CUST-CN00008,QUO-20250725-003,2025-09-15,2025-09-23,草稿,73531.0,待审核,认为信息今年这是.
SO-20250726-001,CUST-CN00011,QUO-20250726-001,2025-09-16,2025-09-24,部分发货,46848.0,通过,一般最新音乐当前浏览.
SO-20250726-002,CUST-CN00020,QUO-20250726-002,2025-09-17,2025-09-25,已取消,70651.0,待审核,资料孩子如果生活.
SO-20250726-003,CUST-CN00007,QUO-20250726-003,2025-09-18,2025-09-26,已审核,73592.0,待审核,帮助主题语言重要准备认为汽车.
SO-20250727-001,CUST-CN00003,QUO-20250727-001,2025-09-19,2025-09-27,已审核,52198.0,待审核,如此无法国际发布女人.
SO-20250727-002,CUST-CN00005,QUO-20250727-002,2025-09-20,2025-09-28,草稿,83901.0,通过,但是必须设计方式.
SO-20250727-003,CUST-CN00011,QUO-20250727-003,2025-09-21,2025-09-29,草稿,21102.0,待审核,觉得中心法律有限全国.
SO-20250728-001,CUST-CN00020,QUO-20250728-001,2025-09-22,2025-09-30,已完成,41430.0,通过,特别需要所有电子社区起来.
SO-20250728-002,CUST-CN00001,QUO-20250728-002,2025-09-23,2025-10-01,已创建,32781.0,通过,推荐中文或者可能.
SO-20250728-003,CUST-CN00012,QUO-20250728-003,2025-09-24,2025-10-02,部分发货,53264.0,通过,全国联系大学留言影响决定提高一下.
SO-20250729-001,CUST-CN00014,QUO-20250729-001,2025-09-25,2025-10-03,草稿,39787.0,待审核,提供关于孩子.
SO-20250729-002,CUST-CN00010,QUO-20250729-002,2025-09-26,2025-10-04,已取消,78009.0,待审核,重要可是实现.
SO-20250729-003,CUST-CN00004,QUO-20250729-003,2025-09-27,2025-10-05,已完成,73348.0,通过,会员标题本站有些推荐社会.
SO-20250730-001,CUST-CN00008,QUO-20250730-001,2025-09-28,2025-10-06,已创建,26835.0,通过,销售都是中文由于来源.
SO-20250730-002,CUST-CN00012,QUO-20250730-002,2025-09-29,2025-10-07,草稿,17580.0,待审核,需要论坛需要也是一次文件看到.
SO-20250730-003,CUST-CN00003,QUO-20250730-003,2025-09-30,2025-10-08,部分发货,84327.0,通过,社会决定现在如果.
SO-20250731-001,CUST-CN00015,QUO-20250731-001,2025-10-01,2025-10-09,部分发货,76105.0,待审核,业务的话报告经济环境或者.
SO-20250731-002,CUST-CN00004,QUO-20250731-002,2025-10-02,2025-10-10,已审核,85463.0,通过,注意联系网站部门.
SO-20250731-003,CUST-CN00020,QUO-20250731-003,2025-10-03,2025-10-11,草稿,74435.0,通过,公司时候介绍朋友城市详细简介.
SO-20250732-001,CUST-CN00018,QUO-20250732-001,2025-10-04,2025-10-12,已审核,74977.0,待审核,记者帖子提供最后环境文化网站.
SO-20250732-002,CUST-CN00004,QUO-20250732-002,2025-10-05,2025-10-13,部分发货,29416.0,待审核,经济其他上海电影最大也是表示.
SO-20250732-003,CUST-CN00017,QUO-20250732-003,2025-10-06,2025-10-14,已创建,86163.0,通过,他的显示工作正在.
SO-20250733-001,CUST-CN00015,QUO-20250733-001,2025-10-07,2025-10-15,已取消,18055.0,通过,价格上海包括本站.
SO-20250733-002,CUST-CN00006,QUO-20250733-002,2025-10-08,2025-10-16,已审核,64977.0,通过,标题国内所有威望价格.
SO-20250733-003,CUST-CN00011,QUO-20250733-003,2025-10-09,2025-10-17,草稿,77775.0,通过,法律部门我们而且信息.
SO-20250734-001,CUST-CN00012,QUO-20250734-001,2025-10-10,2025-10-18,部分发货,62837.0,待审核,软件密码的话学校生活处理.
SO-20250734-002,CUST-CN00005,QUO-20250734-002,2025-10-11,2025-10-19,部分发货,46565.0,通过,地区起来之间加入的话.
SO-20250734-003,CUST-CN00006,QUO-20250734-003,2025-10-12,2025-10-20,已审核,43401.0,待审核,应该他们来自应该一样方式报告.
SO-20250735-001,CUST-CN00008,QUO-20250735-001,2025-10-13,2025-10-21,已完成,78649.0,通过,日期同时处理电影.
SO-20250735-002,CUST-CN00011,QUO-20250735-002,2025-10-14,2025-10-22,已创建,29043.0,待审核,你们文件市场标准.
SO-20250735-003,CUST-CN00008,QUO-20250735-003,2025-10-15,2025-10-23,已完成,21129.0,通过,问题现在功能品牌.
SO-20250736-001,CUST-CN00010,QUO-20250736-001,2025-10-16,2025-10-24,草稿,26144.0,通过,的话参加希望发布软件.
SO-20250736-002,CUST-CN00008,QUO-20250736-002,2025-10-17,2025-10-25,已审核,19739.0,通过,那些报告一样由于不会正在.
SO-20250736-003,CUST-CN00003,QUO-20250736-003,2025-10-18,2025-10-26,草稿,88824.0,通过,相关直接目前大小.
SO-20250737-001,CUST-CN00006,QUO-20250737-001,2025-10-19,2025-10-27,部分发货,83122.0,待审核,到了情况全国政府生活只要游戏.
SO-20250737-002,CUST-CN00003,QUO-20250737-002,2025-10-20,2025-10-28,已取消,52462.0,待审核,成功正在一次开始关系.
SO-20250737-003,CUST-CN00001,QUO-20250737-003,2025-10-21,2025-10-29,部分发货,56473.0,通过,社会不过政府商品简介今年.
SO-20250738-001,CUST-CN00011,QUO-20250738-001,2025-10-22,2025-10-30,草稿,69167.0,待审核,文化表示设备登录设备.
SO-20250738-002,CUST-CN00010,QUO-20250738-002,2025-10-23,2025-10-31,已完成,65600.0,待审核,今天生活选择信息.
SO-20250738-003,CUST-CN00001,QUO-20250738-003,2025-10-24,2025-11-01,已创建,58438.0,通过,知道企业技术地址特别项目所有.
SO-20250739-001,CUST-CN00008,QUO-20250739-001,2025-10-25,2025-11-02,部分发货,22536.0,通过,一起大学设备等级帖子成为.
SO-20250739-002,CUST-CN00014,QUO-20250739-002,2025-10-26,2025-11-03,已创建,45361.0,待审核,那么那些选择这里以后.
SO-20250739-003,CUST-CN00006,QUO-20250739-003,2025-10-27,2025-11-04,已创建,82424.0,通过,分析积分下载的人美国学校最大.
SO-20250740-001,CUST-CN00009,QUO-20250740-001,2025-10-28,2025-11-05,部分发货,75698.0,待审核,得到登录商品如此所以大小一样.
SO-20250740-002,CUST-CN00011,QUO-20250740-002,2025-10-29,2025-11-06,已取消,89401.0,待审核,操作同时成为认为.
SO-20250740-003,CUST-CN00011,QUO-20250740-003,2025-10-30,2025-11-07,已审核,22101.0,待审核,城市同时可是现在.
SO-20250741-001,CUST-CN00004,QUO-20250741-001,2025-10-31,2025-11-08,草稿,17365.0,通过,文章网站帮助目前这是.
SO-20250741-002,CUST-CN00013,QUO-20250741-002,2025-11-01,2025-11-09,已创建,47440.0,待审核,一下教育技术增加项目得到.
SO-20250741-003,CUST-CN00018,QUO-20250741-003,2025-11-02,2025-11-10,已取消,22794.0,通过,还有阅读投资发现比较业务日期以下.
SO-20250742-001,CUST-CN00011,QUO-20250742-001,2025-11-03,2025-11-11,已创建,19905.0,待审核,投资那么联系.
SO-20250742-002,CUST-CN00005,QUO-20250742-002,2025-11-04,2025-11-12,部分发货,65638.0,通过,最新帮助今年发布觉得商品基本.
SO-20250742-003,CUST-CN00013,QUO-20250742-003,2025-11-05,2025-11-13,部分发货,30988.0,待审核,关系不是发展责任不是是否.
SO-20250743-001,CUST-CN00010,QUO-20250743-001,2025-11-06,2025-11-14,部分发货,64341.0,通过,提供成为提供首页帖子出来音乐.
SO-20250743-002,CUST-CN00016,QUO-20250743-002,2025-11-07,2025-11-15,已取消,76174.0,通过,程序分析准备帮助.
SO-20250743-003,CUST-CN00006,QUO-20250743-003,2025-11-08,2025-11-16,已完成,25123.0,通过,发现有关这样那些帮助电话.
SO-20250744-001,CUST-CN00013,QUO-20250744-001,2025-11-09,2025-11-17,已审核,78126.0,待审核,音乐语言发展应用生产设计一次.
SO-20250744-002,CUST-CN00010,QUO-20250744-002,2025-11-10,2025-11-18,已创建,32921.0,待审核,感觉美国全国个人数据技术之后.
SO-20250744-003,CUST-CN00012,QUO-20250744-003,2025-11-11,2025-11-19,已创建,50840.0,通过,建设通过得到处理类型.
SO-20250745-001,CUST-CN00005,QUO-20250745-001,2025-11-12,2025-11-20,已审核,86228.0,待审核,直接更新技术方法.
SO-20250745-002,CUST-CN00015,QUO-20250745-002,2025-11-13,2025-11-21,已创建,22064.0,待审核,怎么的是不是那个社会.
SO-20250745-003,CUST-CN00015,QUO-20250745-003,2025-11-14,2025-11-22,已完成,64222.0,通过,城市论坛一直增加这里有些之后.
SO-20250746-001,CUST-CN00019,QUO-20250746-001,2025-11-15,2025-11-23,已审核,25452.0,通过,行业或者所有法律就是成功产品建设.
SO-20250746-002,CUST-CN00001,QUO-20250746-002,2025-11-16,2025-11-24,已取消,30468.0,通过,东西设计北京登录.
SO-20250746-003,CUST-CN00017,QUO-20250746-003,2025-11-17,2025-11-25,已取消,81739.0,待审核,精华更多地区最后原因阅读.
SO-20250747-001,CUST-CN00008,QUO-20250747-001,2025-11-18,2025-11-26,已完成,24346.0,待审核,具有其他地址准备不会觉得美国.
SO-20250747-002,CUST-CN00020,QUO-20250747-002,2025-11-19,2025-11-27,已完成,33373.0,通过,详细认为活动发表.
SO-20250747-003,CUST-CN00008,QUO-20250747-003,2025-11-20,2025-11-28,已审核,43705.0,待审核,经济电子是否进行商品朋友.
SO-20250748-001,CUST-CN00002,QUO-20250748-001,2025-11-21,2025-11-29,草稿,15044.0,通过,资源一样专业东西孩子.
SO-20250748-002,CUST-CN00019,QUO-20250748-002,2025-11-22,2025-11-30,已完成,82687.0,待审核,合作城市方式的话.
SO-20250748-003,CUST-CN00020,QUO-20250748-003,2025-11-23,2025-12-01,已完成,20052.0,通过,方面可能相关国际具有经济.
SO-20250749-001,CUST-CN00020,QUO-20250749-001,2025-11-24,2025-12-02,部分发货,75789.0,待审核,东西最后服务语言.
SO-20250749-002,CUST-CN00019,QUO-20250749-002,2025-11-25,2025-12-03,已完成,65235.0,待审核,历史事情主题不同以后点击一下简介.
SO-20250749-003,CUST-CN00008,QUO-20250749-003,2025-11-26,2025-12-04,已取消,76698.0,通过,图片最后开始女人更多.
SO-20250750-001,CUST-CN00019,QUO-20250750-001,2025-11-27,2025-12-05,已取消,45843.0,通过,建设语言现在地区一样任何评论必须.
SO-20250750-002,CUST-CN00017,QUO-20250750-002,2025-11-28,2025-12-06,已完成,39371.0,待审核,当然城市作为为什那个希望.
SO-20250750-003,CUST-CN00004,QUO-20250750-003,2025-11-29,2025-12-07,已创建,88880.0,待审核,之间软件都是质量免费会员.
SO-20250751-001,CUST-CN00004,QUO-20250751-001,2025-11-30,2025-12-08,已取消,34432.0,通过,位置起来由于直接一样女人.
SO-20250751-002,CUST-CN00019,QUO-20250751-002,2025-12-01,2025-12-09,已取消,16428.0,待审核,工作作品一点使用.
SO-20250751-003,CUST-CN00013,QUO-20250751-003,2025-12-02,2025-12-10,部分发货,22771.0,通过,东西次数之间上海信息.
SO-20250752-001,CUST-CN00008,QUO-20250752-001,2025-12-03,2025-12-11,草稿,52456.0,待审核,当然这么注册提供如果.
SO-20250752-002,CUST-CN00014,QUO-20250752-002,2025-12-04,2025-12-12,已创建,16730.0,待审核,完成或者不是.
SO-20250752-003,CUST-CN00008,QUO-20250752-003,2025-12-05,2025-12-13,已取消,56010.0,待审核,而且信息为了影响制作发生.
SO-20250753-001,CUST-CN00005,QUO-20250753-001,2025-12-06,2025-12-14,草稿,38784.0,待审核,更新什么点击一样的是来自.
SO-20250753-002,CUST-CN00020,QUO-20250753-002,2025-12-07,2025-12-15,已取消,85272.0,通过,规定自己表示部分登录计划出现朋友.
SO-20250753-003,CUST-CN00008,QUO-20250753-003,2025-12-08,2025-12-16,已取消,70004.0,通过,发生本站网站推荐各种.
SO-20250754-001,CUST-CN00020,QUO-20250754-001,2025-12-09,2025-12-17,草稿,75670.0,通过,文章发展这些显示实现环境.
SO-20250754-002,CUST-CN00003,QUO-20250754-002,2025-12-10,2025-12-18,部分发货,22172.0,通过,精华基本客户.
SO-20250754-003,CUST-CN00009,QUO-20250754-003,2025-12-11,2025-12-19,已取消,36514.0,待审核,我们报告深圳服务欢迎.
SO-20250755-001,CUST-CN00002,QUO-20250755-001,2025-12-12,2025-12-20,草稿,55027.0,待审核,注意学生其中部分.
SO-20250755-002,CUST-CN00002,QUO-20250755-002,2025-12-13,2025-12-21,已创建,74498.0,待审核,提高具有表示具有决定出现现在.
SO-20250755-003,CUST-CN00016,QUO-20250755-003,2025-12-14,2025-12-22,已取消,45767.0,待审核,环境进入应该希望.
SO-20250756-001,CUST-CN00011,QUO-20250756-001,2025-12-15,2025-12-23,草稿,72875.0,待审核,事情电子在线发表科技次数进入北京.
SO-20250756-002,CUST-CN00014,QUO-20250756-002,2025-12-16,2025-12-24,部分发货,85164.0,通过,部门工具得到.
SO-20250756-003,CUST-CN00008,QUO-20250756-003,2025-12-17,2025-12-25,草稿,59521.0,待审核,学校这么软件.
SO-20250757-001,CUST-CN00003,QUO-20250757-001,2025-12-18,2025-12-26,已创建,58315.0,通过,威望电话美国教育规定国家无法来源.
SO-20250757-002,CUST-CN00005,QUO-20250757-002,2025-12-19,2025-12-27,已取消,63510.0,通过,网站这么实现程序经验起来.
SO-20250757-003,CUST-CN00008,QUO-20250757-003,2025-12-20,2025-12-28,已取消,63967.0,通过,实现是否成为时间状态发表重要作者.
SO-20250758-001,CUST-CN00018,QUO-20250758-001,2025-12-21,2025-12-29,部分发货,26261.0,待审核,搜索拥有可以组织一样国际这里.
SO-20250758-002,CUST-CN00008,QUO-20250758-002,2025-12-22,2025-12-30,已取消,88649.0,待审核,其他国际规定之后帖子图片.
SO-20250758-003,CUST-CN00007,QUO-20250758-003,2025-12-23,2025-12-31,已创建,80160.0,通过,品牌也是主题一切继续技术你们.
SO-20250759-001,CUST-CN00009,QUO-20250759-001,2025-12-24,2026-01-01,已取消,25587.0,通过,专业威望类别技术.
SO-20250759-002,CUST-CN00002,QUO-20250759-002,2025-12-25,2026-01-02,已取消,39474.0,待审核,操作所有起来威望.
SO-20250759-003,CUST-CN00002,QUO-20250759-003,2025-12-26,2026-01-03,草稿,63223.0,待审核,所有科技系列处理当前项目.
SO-20250760-001,CUST-CN00011,QUO-20250760-001,2025-12-27,2026-01-04,已审核,68164.0,通过,内容教育价格必须经验上海方法.
SO-20250760-002,CUST-CN00009,QUO-20250760-002,2025-12-28,2026-01-05,部分发货,42354.0,待审核,类别开始位置这是今年有关一些具有.
SO-20250760-003,CUST-CN00003,QUO-20250760-003,2025-12-29,2026-01-06,部分发货,24113.0,通过,用户不会到了感觉不同不断电影.
SO-20250761-001,CUST-CN00008,QUO-20250761-001,2025-12-30,2026-01-07,部分发货,51544.0,通过,状态运行经验积分文化一样或者.
SO-20250761-002,CUST-CN00015,QUO-20250761-002,2025-12-31,2026-01-08,已完成,48878.0,通过,更新之后有些这里.
SO-20250761-003,CUST-CN00020,QUO-20250761-003,2026-01-01,2026-01-09,已完成,21494.0,待审核,人民功能网上主要活动一次这种来自.
SO-20250762-001,CUST-CN00007,QUO-20250762-001,2026-01-02,2026-01-10,部分发货,60819.0,待审核,这个关于上海.
SO-20250762-002,CUST-CN00016,QUO-20250762-002,2026-01-03,2026-01-11,已完成,20009.0,待审核,大家操作人民.
SO-20250762-003,CUST-CN00017,QUO-20250762-003,2026-01-04,2026-01-12,已审核,85853.0,待审核,必须这是一种知道.
SO-20250763-001,CUST-CN00002,QUO-20250763-001,2026-01-05,2026-01-13,已审核,61890.0,待审核,这种电话事情设计.
SO-20250763-002,CUST-CN00009,QUO-20250763-002,2026-01-06,2026-01-14,草稿,36572.0,待审核,网络有些非常最大的人搜索.
SO-20250763-003,CUST-CN00014,QUO-20250763-003,2026-01-07,2026-01-15,已取消,29547.0,待审核,基本这是国家等级浏览那些等级.
SO-20250764-001,CUST-CN00003,QUO-20250764-001,2026-01-08,2026-01-16,已审核,36063.0,待审核,包括非常文章相关不断.
SO-20250764-002,CUST-CN00003,QUO-20250764-002,2026-01-09,2026-01-17,已完成,20100.0,待审核,比较怎么经验.
SO-20250764-003,CUST-CN00015,QUO-20250764-003,2026-01-10,2026-01-18,草稿,84142.0,待审核,什么名称那些.
SO-20250765-001,CUST-CN00015,QUO-20250765-001,2026-01-11,2026-01-19,已取消,68838.0,待审核,加入时候时间建设.
SO-20250765-002,CUST-CN00011,QUO-20250765-002,2026-01-12,2026-01-20,已取消,18423.0,通过,计划一点精华这种.
SO-20250765-003,CUST-CN00004,QUO-20250765-003,2026-01-13,2026-01-21,部分发货,79078.0,通过,重要一起就是品牌语言处理.
SO-20250766-001,CUST-CN00015,QUO-20250766-001,2026-01-14,2026-01-22,已取消,87132.0,待审核,工程数据大家准备一样教育.
SO-20250766-002,CUST-CN00012,QUO-20250766-002,2026-01-15,2026-01-23,已取消,70345.0,通过,安全这么自己觉得.
SO-20250766-003,CUST-CN00011,QUO-20250766-003,2026-01-16,2026-01-24,草稿,77721.0,通过,国家时候觉得经营这些.
SO-20250767-001,CUST-CN00014,QUO-20250767-001,2026-01-17,2026-01-25,已取消,75246.0,待审核,其中社区活动一下还有关于组织.
SO-20250767-002,CUST-CN00004,QUO-20250767-002,2026-01-18,2026-01-26,草稿,46151.0,待审核,网上空间出来浏览简介日本.
SO-20250767-003,CUST-CN00001,QUO-20250767-003,2026-01-19,2026-01-27,已取消,38682.0,通过,得到网上但是如何为了发布相关一直.
SO-20250768-001,CUST-CN00009,QUO-20250768-001,2026-01-20,2026-01-28,已审核,25627.0,通过,基本广告研究一起开始处理.
SO-20250768-002,CUST-CN00003,QUO-20250768-002,2026-01-21,2026-01-29,部分发货,71406.0,待审核,威望生产正在标准他的研究管理.
SO-20250768-003,CUST-CN00020,QUO-20250768-003,2026-01-22,2026-01-30,已取消,35452.0,待审核,功能上海点击一定只要广告报告.
SO-20250769-001,CUST-CN00008,QUO-20250769-001,2026-01-23,2026-01-31,已创建,67410.0,待审核,重要问题本站.
SO-20250769-002,CUST-CN00012,QUO-20250769-002,2026-01-24,2026-02-01,已完成,52710.0,通过,留言只要很多一些.
SO-20250769-003,CUST-CN00015,QUO-20250769-003,2026-01-25,2026-02-02,已创建,87441.0,通过,之后女人这么起来.
SO-20250770-001,CUST-CN00018,QUO-20250770-001,2026-01-26,2026-02-03,部分发货,58146.0,通过,直接对于中文标准一样.
SO-20250770-002,CUST-CN00006,QUO-20250770-002,2026-01-27,2026-02-04,已取消,45987.0,通过,点击如此一直状态社会不过但是.
SO-20250770-003,CUST-CN00002,QUO-20250770-003,2026-01-28,2026-02-05,已审核,21938.0,通过,一定来自地方威望谢谢学校一定.
SO-20250771-001,CUST-CN00010,QUO-20250771-001,2026-01-29,2026-02-06,草稿,81552.0,通过,经营记者谢谢服务网站.
SO-20250771-002,CUST-CN00017,QUO-20250771-002,2026-01-30,2026-02-07,部分发货,53425.0,待审核,而且阅读直接说明积分.
SO-20250771-003,CUST-CN00009,QUO-20250771-003,2026-01-31,2026-02-08,草稿,78905.0,通过,能够位置您的进入得到免费责任.
SO-20250772-001,CUST-CN00016,QUO-20250772-001,2026-02-01,2026-02-09,已审核,81197.0,待审核,最大生产简介能力位置计划文件.
SO-20250772-002,CUST-CN00019,QUO-20250772-002,2026-02-02,2026-02-10,部分发货,49389.0,通过,支持最后成为一下.
SO-20250772-003,CUST-CN00015,QUO-20250772-003,2026-02-03,2026-02-11,已完成,41595.0,通过,免费作为控制电话.
SO-20250773-001,CUST-CN00010,QUO-20250773-001,2026-02-04,2026-02-12,已完成,36824.0,通过,一些这些一切比较社会.
SO-20250773-002,CUST-CN00004,QUO-20250773-002,2026-02-05,2026-02-13,部分发货,54255.0,待审核,男人支持学习位置公司.
SO-20250773-003,CUST-CN00002,QUO-20250773-003,2026-02-06,2026-02-14,草稿,76057.0,待审核,这样评论一下客户加入重要.
SO-20250774-001,CUST-CN00003,QUO-20250774-001,2026-02-07,2026-02-15,草稿,85470.0,通过,电话只要他的只是我的.
SO-20250774-002,CUST-CN00009,QUO-20250774-002,2026-02-08,2026-02-16,已取消,52858.0,待审核,日期帮助无法是否回复能力.
SO-20250774-003,CUST-CN00019,QUO-20250774-003,2026-02-09,2026-02-17,已取消,30810.0,待审核,注意最新生产不要法律.
SO-20250775-001,CUST-CN00011,QUO-20250775-001,2026-02-10,2026-02-18,部分发货,69904.0,通过,名称无法今年.
SO-20250775-002,CUST-CN00006,QUO-20250775-002,2026-02-11,2026-02-19,已审核,59339.0,通过,更新时候组织的人社区.
SO-20250775-003,CUST-CN00008,QUO-20250775-003,2026-02-12,2026-02-20,已取消,57321.0,待审核,日期更新只要威望日期政府空间.
SO-20250776-001,CUST-CN00012,QUO-20250776-001,2026-02-13,2026-02-21,部分发货,77725.0,通过,主题帖子时间女人东西类别语言.
SO-20250776-002,CUST-CN00008,QUO-20250776-002,2026-02-14,2026-02-22,已完成,81688.0,待审核,威望男人什么不断行业这么.
SO-20250776-003,CUST-CN00005,QUO-20250776-003,2026-02-15,2026-02-23,草稿,31414.0,待审核,重要企业浏览关系查看.
SO-20250777-001,CUST-CN00020,QUO-20250777-001,2026-02-16,2026-02-24,已创建,63110.0,待审核,会员电子起来起来正在.
SO-20250777-002,CUST-CN00011,QUO-20250777-002,2026-02-17,2026-02-25,已创建,63390.0,待审核,就是语言市场这些关于今天.
SO-20250777-003,CUST-CN00011,QUO-20250777-003,2026-02-18,2026-02-26,已完成,46295.0,待审核,文章由于密码拥有.
SO-20250778-001,CUST-CN00020,QUO-20250778-001,2026-02-19,2026-02-27,部分发货,40136.0,待审核,完全出现时候或者.
SO-20250778-002,CUST-CN00007,QUO-20250778-002,2026-02-20,2026-02-28,已完成,87962.0,待审核,也是男人谢谢建设有关广告有些来自.
SO-20250778-003,CUST-CN00013,QUO-20250778-003,2026-02-21,2026-03-01,部分发货,45310.0,通过,如此电话女人文章国际用户.
SO-20250779-001,CUST-CN00016,QUO-20250779-001,2026-02-22,2026-03-02,已取消,56187.0,待审核,电话最后网站工作你们电脑.
SO-20250779-002,CUST-CN00008,QUO-20250779-002,2026-02-23,2026-03-03,已完成,24008.0,通过,增加必须中文部门.
SO-20250779-003,CUST-CN00012,QUO-20250779-003,2026-02-24,2026-03-04,已完成,59853.0,待审核,正在感觉国家软件简介其实.
SO-20250780-001,CUST-CN00005,QUO-20250780-001,2026-02-25,2026-03-05,草稿,47405.0,通过,发布方法最大推荐觉得.
SO-20250780-002,CUST-CN00006,QUO-20250780-002,2026-02-26,2026-03-06,已创建,20366.0,待审核,的人女人联系设备.
SO-20250780-003,CUST-CN00011,QUO-20250780-003,2026-02-27,2026-03-07,已创建,79553.0,待审核,而且最新注册如何市场能够品牌.
SO-20250781-001,CUST-CN00020,QUO-20250781-001,2026-02-28,2026-03-08,已创建,88632.0,通过,一些如何参加你的世界方面知道.
SO-20250781-002,CUST-CN00004,QUO-20250781-002,2026-03-01,2026-03-09,已创建,30171.0,通过,准备两个之后.
SO-20250781-003,CUST-CN00007,QUO-20250781-003,2026-03-02,2026-03-10,已完成,50822.0,待审核,发生深圳作为感觉.
SO-20250782-001,CUST-CN00008,QUO-20250782-001,2026-03-03,2026-03-11,已取消,66590.0,待审核,拥有地方中心部分位置.
SO-20250782-002,CUST-CN00020,QUO-20250782-002,2026-03-04,2026-03-12,已完成,25803.0,通过,所以使用不会不断.
SO-20250782-003,CUST-CN00020,QUO-20250782-003,2026-03-05,2026-03-13,部分发货,62822.0,通过,一下一直包括自己这么学生之间作品.
SO-20250783-001,CUST-CN00015,QUO-20250783-001,2026-03-06,2026-03-14,部分发货,83157.0,待审核,登录女人合作但是东西类别中文.
SO-20250783-002,CUST-CN00002,QUO-20250783-002,2026-03-07,2026-03-15,草稿,55364.0,通过,所以社区说明产品.
SO-20250783-003,CUST-CN00010,QUO-20250783-003,2026-03-08,2026-03-16,已完成,24228.0,通过,之间使用内容一直过程还是那么.
SO-20250784-001,CUST-CN00011,QUO-20250784-001,2026-03-09,2026-03-17,已取消,42640.0,通过,开发信息中心美国.
SO-20250784-002,CUST-CN00018,QUO-20250784-002,2026-03-10,2026-03-18,已审核,38970.0,待审核,拥有不同根据点击最后文化作品.
SO-20250784-003,CUST-CN00017,QUO-20250784-003,2026-03-11,2026-03-19,已完成,37220.0,通过,状态论坛部分市场为什.
SO-20250785-001,CUST-CN00014,QUO-20250785-001,2026-03-12,2026-03-20,已审核,23389.0,通过,品牌必须可以学习也是工具政府.
SO-20250785-002,CUST-CN00001,QUO-20250785-002,2026-03-13,2026-03-21,部分发货,27976.0,通过,但是市场论坛.
SO-20250785-003,CUST-CN00010,QUO-20250785-003,2026-03-14,2026-03-22,部分发货,41917.0,待审核,孩子他们各种深圳学习看到决定.
SO-20250786-001,CUST-CN00020,QUO-20250786-001,2026-03-15,2026-03-23,已审核,26793.0,待审核,地址论坛一个设计注册.
SO-20250786-002,CUST-CN00007,QUO-20250786-002,2026-03-16,2026-03-24,已审核,16338.0,通过,信息女人一点孩子自己政府她的时候.
SO-20250786-003,CUST-CN00015,QUO-20250786-003,2026-03-17,2026-03-25,已取消,35205.0,待审核,相关一个发生或者图片.
SO-20250787-001,CUST-CN00012,QUO-20250787-001,2026-03-18,2026-03-26,已审核,27653.0,通过,部门提供怎么应用无法.
SO-20250787-002,CUST-CN00015,QUO-20250787-002,2026-03-19,2026-03-27,草稿,54508.0,通过,帮助一些开发中文公司空间世界.
SO-20250787-003,CUST-CN00013,QUO-20250787-003,2026-03-20,2026-03-28,已取消,73272.0,通过,过程市场可是经营帖子为了密码.
SO-20250788-001,CUST-CN00013,QUO-20250788-001,2026-03-21,2026-03-29,已创建,77583.0,通过,她的国际这里不能世界来自成功.
SO-20250788-002,CUST-CN00001,QUO-20250788-002,2026-03-22,2026-03-30,草稿,37094.0,待审核,生活数据增加学生.
SO-20250788-003,CUST-CN00013,QUO-20250788-003,2026-03-23,2026-03-31,已取消,33737.0,通过,成功应该资料系统社区企业.
SO-20250789-001,CUST-CN00020,QUO-20250789-001,2026-03-24,2026-04-01,已审核,56153.0,通过,我的深圳出现中国我们.
SO-20250789-002,CUST-CN00008,QUO-20250789-002,2026-03-25,2026-04-02,已完成,34976.0,通过,个人有关选择名称然后.
SO-20250789-003,CUST-CN00001,QUO-20250789-003,2026-03-26,2026-04-03,已创建,37880.0,通过,功能历史决定起来到了就是美国.
SO-20250790-001,CUST-CN00006,QUO-20250790-001,2026-03-27,2026-04-04,部分发货,85934.0,待审核,精华一些上海继续销售以上.
SO-20250790-002,CUST-CN00001,QUO-20250790-002,2026-03-28,2026-04-05,部分发货,79439.0,待审核,不是出来当然因为.
SO-20250790-003,CUST-CN00015,QUO-20250790-003,2026-03-29,2026-04-06,已审核,81728.0,待审核,直接使用成为联系.
SO-20250791-001,CUST-CN00004,QUO-20250791-001,2026-03-30,2026-04-07,部分发货,54834.0,待审核,应该得到应用喜欢历史类别进行就是.
SO-20250791-002,CUST-CN00005,QUO-20250791-002,2026-03-31,2026-04-08,已完成,81665.0,待审核,因此内容这是阅读为什.
SO-20250791-003,CUST-CN00013,QUO-20250791-003,2026-04-01,2026-04-09,已创建,46972.0,通过,应用这里为了文化如何重要网站合作.
SO-20250792-001,CUST-CN00003,QUO-20250792-001,2026-04-02,2026-04-10,部分发货,20207.0,通过,系列国内关于看到威望报告.
SO-20250792-002,CUST-CN00020,QUO-20250792-002,2026-04-03,2026-04-11,草稿,64228.0,通过,推荐中国比较关系运行.
SO-20250792-003,CUST-CN00011,QUO-20250792-003,2026-04-04,2026-04-12,部分发货,75967.0,待审核,以上历史目前浏览一点客户.
SO-20250793-001,CUST-CN00017,QUO-20250793-001,2026-04-05,2026-04-13,已取消,37194.0,通过,的是的话管理业务发布只是资源.
SO-20250793-002,CUST-CN00018,QUO-20250793-002,2026-04-06,2026-04-14,部分发货,51844.0,待审核,类别就是更多比较其他个人.
SO-20250793-003,CUST-CN00020,QUO-20250793-003,2026-04-07,2026-04-15,已取消,60895.0,待审核,今天拥有基本.
SO-20250794-001,CUST-CN00019,QUO-20250794-001,2026-04-08,2026-04-16,部分发货,60468.0,待审核,选择这么业务今天.
SO-20250794-002,CUST-CN00018,QUO-20250794-002,2026-04-09,2026-04-17,已完成,84240.0,待审核,谢谢对于成功一定增加必须.
SO-20250794-003,CUST-CN00009,QUO-20250794-003,2026-04-10,2026-04-18,已取消,62779.0,通过,推荐操作今年网上正在文件结果.
SO-20250795-001,CUST-CN00006,QUO-20250795-001,2026-04-11,2026-04-19,已创建,25288.0,待审核,电影你的不是.
SO-20250795-002,CUST-CN00013,QUO-20250795-002,2026-04-12,2026-04-20,已完成,46042.0,待审核,学校朋友一次出现.
SO-20250795-003,CUST-CN00018,QUO-20250795-003,2026-04-13,2026-04-21,已完成,49565.0,通过,教育公司之后教育所有最新评论.
SO-20250796-001,CUST-CN00015,QUO-20250796-001,2026-04-14,2026-04-22,部分发货,20891.0,待审核,没有大小作品过程公司会员生产孩子.
SO-20250796-002,CUST-CN00001,QUO-20250796-002,2026-04-15,2026-04-23,部分发货,73836.0,待审核,或者浏览中文男人今天全部.
SO-20250796-003,CUST-CN00004,QUO-20250796-003,2026-04-16,2026-04-24,已审核,67963.0,待审核,时间网站那些单位.
SO-20250797-001,CUST-CN00013,QUO-20250797-001,2026-04-17,2026-04-25,草稿,18484.0,通过,出来女人怎么一切.
SO-20250797-002,CUST-CN00007,QUO-20250797-002,2026-04-18,2026-04-26,已审核,85213.0,待审核,组织完全北京.
SO-20250797-003,CUST-CN00008,QUO-20250797-003,2026-04-19,2026-04-27,部分发货,40915.0,通过,系统文化学习商品资源之后人员地区.
SO-20250798-001,CUST-CN00007,QUO-20250798-001,2026-04-20,2026-04-28,部分发货,23419.0,待审核,研究工具一定.
SO-20250798-002,CUST-CN00019,QUO-20250798-002,2026-04-21,2026-04-29,草稿,89054.0,待审核,都是发展一下生产.
SO-20250798-003,CUST-CN00010,QUO-20250798-003,2026-04-22,2026-04-30,已取消,30729.0,待审核,那么阅读语言地区规定最新产品事情.
SO-20250799-001,CUST-CN00010,QUO-20250799-001,2026-04-23,2026-05-01,已创建,20141.0,通过,全部之后下载生产其实项目新闻.
SO-20250799-002,CUST-CN00007,QUO-20250799-002,2026-04-24,2026-05-02,已取消,42917.0,通过,选择有限上海在线工具之后.
SO-20250799-003,CUST-CN00005,QUO-20250799-003,2026-04-25,2026-05-03,已取消,37580.0,通过,她的人民客户以及.
SO-202507100-001,CUST-CN00011,QUO-202507100-001,2026-04-26,2026-05-04,已审核,51737.0,通过,这样世界具有主要.
SO-202507100-002,CUST-CN00003,QUO-202507100-002,2026-04-27,2026-05-05,已完成,37379.0,通过,我们出现欢迎文件一下联系.
SO-202507100-003,CUST-CN00006,QUO-202507100-003,2026-04-28,2026-05-06,部分发货,56241.0,待审核,男人应用计划人员必须有限不过.
SO-202507101-001,CUST-CN00015,QUO-202507101-001,2026-04-29,2026-05-07,已创建,50787.0,通过,一定一定认为公司一次标题时间.
SO-202507101-002,CUST-CN00012,QUO-202507101-002,2026-04-30,2026-05-08,已完成,20172.0,待审核,在线这是企业网上成功增加当前.
SO-202507101-003,CUST-CN00007,QUO-202507101-003,2026-05-01,2026-05-09,已创建,20646.0,通过,下载中文论坛.
SO-202507102-001,CUST-CN00010,QUO-202507102-001,2026-05-02,2026-05-10,草稿,89541.0,通过,现在必须标题之间喜欢.
SO-202507102-002,CUST-CN00019,QUO-202507102-002,2026-05-03,2026-05-11,已创建,29366.0,待审核,建设能力运行系统规定.
SO-202507102-003,CUST-CN00016,QUO-202507102-003,2026-05-04,2026-05-12,已完成,38446.0,通过,已经个人工作一切提高电影相关.
SO-202507103-001,CUST-CN00008,QUO-202507103-001,2026-05-05,2026-05-13,部分发货,86526.0,通过,文化注意就是以上世界解决觉得建设.
SO-202507103-002,CUST-CN00002,QUO-202507103-002,2026-05-06,2026-05-14,部分发货,82825.0,通过,结果是一经济.
SO-202507103-003,CUST-CN00015,QUO-202507103-003,2026-05-07,2026-05-15,草稿,62147.0,待审核,如果回复作品由于客户起来国际更新.
SO-202507104-001,CUST-CN00020,QUO-202507104-001,2026-05-08,2026-05-16,部分发货,64184.0,待审核,相关能力公司法律的人社区处理.
SO-202507104-002,CUST-CN00012,QUO-202507104-002,2026-05-09,2026-05-17,已审核,89491.0,待审核,影响出来社会这里只要浏览建设中文.
SO-202507104-003,CUST-CN00004,QUO-202507104-003,2026-05-10,2026-05-18,已完成,31596.0,待审核,一下还有操作也是你的事情.
SO-202507105-001,CUST-CN00014,QUO-202507105-001,2026-05-11,2026-05-19,已完成,82227.0,待审核,组织你们留言那么不过记者图片.
SO-202507105-002,CUST-CN00010,QUO-202507105-002,2026-05-12,2026-05-20,已取消,24487.0,通过,来自那个知道活动的是.
SO-202507105-003,CUST-CN00013,QUO-202507105-003,2026-05-13,2026-05-21,已审核,69956.0,通过,出来得到当然地区.
SO-202507106-001,CUST-CN00014,QUO-202507106-001,2026-05-14,2026-05-22,已审核,62591.0,通过,能力生产准备工具.
SO-202507106-002,CUST-CN00015,QUO-202507106-002,2026-05-15,2026-05-23,已取消,44967.0,通过,政府研究只是如此.
SO-202507106-003,CUST-CN00012,QUO-202507106-003,2026-05-16,2026-05-24,已审核,52772.0,通过,市场关于客户结果两个规定可是.
SO-202507107-001,CUST-CN00001,QUO-202507107-001,2026-05-17,2026-05-25,已审核,62189.0,通过,不能教育过程帖子主题计划一种.
SO-202507107-002,CUST-CN00012,QUO-202507107-002,2026-05-18,2026-05-26,已审核,87853.0,通过,知道一起问题具有一次对于.
SO-202507107-003,CUST-CN00004,QUO-202507107-003,2026-05-19,2026-05-27,部分发货,21104.0,通过,积分知道设计网上.
SO-202507108-001,CUST-CN00013,QUO-202507108-001,2026-05-20,2026-05-28,已完成,26245.0,待审核,必须事情包括出现然后评论.
SO-202507108-002,CUST-CN00008,QUO-202507108-002,2026-05-21,2026-05-29,已创建,17915.0,通过,支持继续有限世界那么一样具有.
SO-202507108-003,CUST-CN00002,QUO-202507108-003,2026-05-22,2026-05-30,已取消,40259.0,待审核,我的积分标题起来出现还是注意.
SO-202507109-001,CUST-CN00011,QUO-202507109-001,2026-05-23,2026-05-31,已取消,41141.0,通过,简介得到密码包括.
SO-202507109-002,CUST-CN00004,QUO-202507109-002,2026-05-24,2026-06-01,已创建,87187.0,待审核,处理通过作者.
SO-202507109-003,CUST-CN00018,QUO-202507109-003,2026-05-25,2026-06-02,已审核,84155.0,待审核,基本你们有限详细一个经验基本.
SO-202507110-001,CUST-CN00005,QUO-202507110-001,2026-05-26,2026-06-03,部分发货,30105.0,待审核,一起这是非常设备对于.
SO-202507110-002,CUST-CN00011,QUO-202507110-002,2026-05-27,2026-06-04,已审核,78140.0,通过,认为起来得到以上作为网上.
SO-202507110-003,CUST-CN00011,QUO-202507110-003,2026-05-28,2026-06-05,已审核,62854.0,待审核,过程能力最后根据帮助以后其中.
SO-202507111-001,CUST-CN00001,QUO-202507111-001,2026-05-29,2026-06-06,部分发货,22068.0,待审核,能够密码音乐城市分析.
SO-202507111-002,CUST-CN00012,QUO-202507111-002,2026-05-30,2026-06-07,已审核,30591.0,待审核,系统国家没有一个.
SO-202507111-003,CUST-CN00017,QUO-202507111-003,2026-05-31,2026-06-08,草稿,44607.0,通过,操作标题成功免费.
SO-202507112-001,CUST-CN00001,QUO-202507112-001,2026-06-01,2026-06-09,已创建,21318.0,待审核,为什我们但是不是电话欢迎以上.
SO-202507112-002,CUST-CN00009,QUO-202507112-002,2026-06-02,2026-06-10,已创建,21934.0,通过,那么价格不是的话.
SO-202507112-003,CUST-CN00002,QUO-202507112-003,2026-06-03,2026-06-11,已审核,43550.0,通过,进行以后一种对于如何.
SO-202507113-001,CUST-CN00003,QUO-202507113-001,2026-06-04,2026-06-12,已审核,57503.0,待审核,最新增加看到直接.
SO-202507113-002,CUST-CN00019,QUO-202507113-002,2026-06-05,2026-06-13,草稿,86946.0,通过,历史起来欢迎方式这样资料我的.
SO-202507113-003,CUST-CN00009,QUO-202507113-003,2026-06-06,2026-06-14,已取消,83518.0,待审核,正在还有这样加入如果.
SO-202507114-001,CUST-CN00019,QUO-202507114-001,2026-06-07,2026-06-15,已完成,59934.0,待审核,行业比较到了只是中心.
SO-202507114-002,CUST-CN00004,QUO-202507114-002,2026-06-08,2026-06-16,部分发货,17542.0,通过,来自介绍电子如果已经可能合作.
SO-202507114-003,CUST-CN00010,QUO-202507114-003,2026-06-09,2026-06-17,已取消,46547.0,通过,服务结果规定类型.
SO-202507115-001,CUST-CN00015,QUO-202507115-001,2026-06-10,2026-06-18,草稿,68125.0,通过,已经详细研究原因设备经济发布.
SO-202507115-002,CUST-CN00002,QUO-202507115-002,2026-06-11,2026-06-19,已审核,35727.0,通过,大小网络特别根据影响.
SO-202507115-003,CUST-CN00012,QUO-202507115-003,2026-06-12,2026-06-20,已审核,19212.0,通过,可是作者设计.
SO-202507116-001,CUST-CN00019,QUO-202507116-001,2026-06-13,2026-06-21,草稿,43810.0,待审核,因此质量影响操作.
SO-202507116-002,CUST-CN00003,QUO-202507116-002,2026-06-14,2026-06-22,已审核,57850.0,待审核,文件的话国内程序中文大小.
SO-202507116-003,CUST-CN00009,QUO-202507116-003,2026-06-15,2026-06-23,已创建,56686.0,待审核,政府美国类别只是有限.
SO-202507117-001,CUST-CN00004,QUO-202507117-001,2026-06-16,2026-06-24,已完成,68525.0,通过,觉得应该销售.
SO-202507117-002,CUST-CN00011,QUO-202507117-002,2026-06-17,2026-06-25,已审核,80551.0,通过,企业也是设备密码必须.
SO-202507117-003,CUST-CN00017,QUO-202507117-003,2026-06-18,2026-06-26,已完成,74190.0,待审核,起来大家运行只有浏览如果程序也是.
SO-202507118-001,CUST-CN00007,QUO-202507118-001,2026-06-19,2026-06-27,已审核,54438.0,通过,完成标题学生一些现在有关资料责任.
SO-202507118-002,CUST-CN00006,QUO-202507118-002,2026-06-20,2026-06-28,已取消,38765.0,通过,自己产品同时以后感觉怎么.
SO-202507118-003,CUST-CN00012,QUO-202507118-003,2026-06-21,2026-06-29,已审核,85589.0,通过,情况当前部门历史完成不过.
SO-202507119-001,CUST-CN00015,QUO-202507119-001,2026-06-22,2026-06-30,草稿,77468.0,通过,类别那些解决安全还是完全.
SO-202507119-002,CUST-CN00014,QUO-202507119-002,2026-06-23,2026-07-01,已审核,22844.0,待审核,进入都是没有研究报告通过.
SO-202507119-003,CUST-CN00005,QUO-202507119-003,2026-06-24,2026-07-02,已取消,81853.0,通过,因此北京的话查看活动.
SO-202507120-001,CUST-CN00007,QUO-202507120-001,2026-06-25,2026-07-03,已创建,26527.0,通过,希望现在他们出现公司标题日期.
SO-202507120-002,CUST-CN00015,QUO-202507120-002,2026-06-26,2026-07-04,已审核,59942.0,待审核,今天法律汽车重要.
SO-202507120-003,CUST-CN00009,QUO-202507120-003,2026-06-27,2026-07-05,草稿,70325.0,待审核,方式文章重要在线其实.
SO-202507121-001,CUST-CN00002,QUO-202507121-001,2026-06-28,2026-07-06,草稿,55185.0,通过,深圳正在这种数据处理.
SO-202507121-002,CUST-CN00017,QUO-202507121-002,2026-06-29,2026-07-07,已创建,81318.0,待审核,而且起来下载.
SO-202507121-003,CUST-CN00002,QUO-202507121-003,2026-06-30,2026-07-08,已取消,48921.0,通过,一下然后问题最新东西大小.
SO-202507122-001,CUST-CN00001,QUO-202507122-001,2026-07-01,2026-07-09,已审核,76171.0,通过,能够查看不是推荐国内这里.
SO-202507122-002,CUST-CN00006,QUO-202507122-002,2026-07-02,2026-07-10,已完成,63711.0,通过,记者大学经济包括评论很多.
SO-202507122-003,CUST-CN00013,QUO-202507122-003,2026-07-03,2026-07-11,已取消,46101.0,通过,拥有开发时间技术软件之间.
SO-202507123-001,CUST-CN00020,QUO-202507123-001,2026-07-04,2026-07-12,已完成,16971.0,待审核,规定起来市场分析为什生活学生看到.
SO-202507123-002,CUST-CN00008,QUO-202507123-002,2026-07-05,2026-07-13,已创建,53409.0,待审核,搜索手机或者.
SO-202507123-003,CUST-CN00012,QUO-202507123-003,2026-07-06,2026-07-14,已审核,33106.0,待审核,可以经验建设规定管理商品具有.
SO-202507124-001,CUST-CN00017,QUO-202507124-001,2026-07-07,2026-07-15,已审核,16090.0,待审核,情况网络因此日期不是.
SO-202507124-002,CUST-CN00006,QUO-202507124-002,2026-07-08,2026-07-16,已完成,40922.0,待审核,地址程序一些国内的是的人.
SO-202507124-003,CUST-CN00009,QUO-202507124-003,2026-07-09,2026-07-17,已审核,17848.0,待审核,法律游戏密码.
SO-202507125-001,CUST-CN00008,QUO-202507125-001,2026-07-10,2026-07-18,草稿,74030.0,通过,那些学习安全选择帖子.
SO-202507125-002,CUST-CN00009,QUO-202507125-002,2026-07-11,2026-07-19,已审核,55466.0,通过,全国查看为了.
SO-202507125-003,CUST-CN00009,QUO-202507125-003,2026-07-12,2026-07-20,已取消,42858.0,通过,是一图片必须这里这里.
SO-202507126-001,CUST-CN00018,QUO-202507126-001,2026-07-13,2026-07-21,已取消,18055.0,待审核,内容还是他的查看能够提高方法.
SO-202507126-002,CUST-CN00013,QUO-202507126-002,2026-07-14,2026-07-22,已取消,20809.0,通过,继续这是首页图片两个标题经营时间.
SO-202507126-003,CUST-CN00008,QUO-202507126-003,2026-07-15,2026-07-23,已创建,23518.0,待审核,是否地址电子你的可是.
SO-202507127-001,CUST-CN00020,QUO-202507127-001,2026-07-16,2026-07-24,已创建,61075.0,通过,地方这里产品密码游戏得到.
SO-202507127-002,CUST-CN00014,QUO-202507127-002,2026-07-17,2026-07-25,已完成,28320.0,通过,有些简介登录以下成功标准.
SO-202507127-003,CUST-CN00008,QUO-202507127-003,2026-07-18,2026-07-26,已取消,87642.0,通过,什么无法全部更多他们留言其实政府.
SO-202507128-001,CUST-CN00014,QUO-202507128-001,2026-07-19,2026-07-27,草稿,41524.0,通过,用户详细价格作者项目.
SO-202507128-002,CUST-CN00009,QUO-202507128-002,2026-07-20,2026-07-28,已取消,44680.0,通过,认为基本功能网上必须影响.
SO-202507128-003,CUST-CN00005,QUO-202507128-003,2026-07-21,2026-07-29,已完成,41352.0,通过,怎么北京不要我们什么.
SO-202507129-001,CUST-CN00004,QUO-202507129-001,2026-07-22,2026-07-30,已取消,68239.0,通过,如此然后比较必须数据生活.
SO-202507129-002,CUST-CN00004,QUO-202507129-002,2026-07-23,2026-07-31,已完成,76539.0,待审核,谢谢大小以下本站规定注册.
SO-202507129-003,CUST-CN00006,QUO-202507129-003,2026-07-24,2026-08-01,已创建,52032.0,通过,如何事情决定希望文化你的次数.
SO-202507130-001,CUST-CN00020,QUO-202507130-001,2026-07-25,2026-08-02,已审核,52369.0,通过,基本一下今天国内最新深圳如果.
SO-202507130-002,CUST-CN00005,QUO-202507130-002,2026-07-26,2026-08-03,已取消,36495.0,待审核,管理当然因此能力如果.
SO-202507130-003,CUST-CN00007,QUO-202507130-003,2026-07-27,2026-08-04,已取消,65042.0,通过,自己设计广告现在.
SO-202507131-001,CUST-CN00010,QUO-202507131-001,2026-07-28,2026-08-05,已取消,42636.0,待审核,同时发现上海自己一直.
SO-202507131-002,CUST-CN00016,QUO-202507131-002,2026-07-29,2026-08-06,已取消,74627.0,待审核,一定你们技术报告会员.
SO-202507131-003,CUST-CN00008,QUO-202507131-003,2026-07-30,2026-08-07,已审核,58905.0,通过,根据如何法律报告专业.
SO-202507132-001,CUST-CN00019,QUO-202507132-001,2026-07-31,2026-08-08,已完成,51943.0,通过,主题主要全国.
SO-202507132-002,CUST-CN00018,QUO-202507132-002,2026-08-01,2026-08-09,草稿,56732.0,待审核,全国这些生产关于经济以下.
SO-202507132-003,CUST-CN00008,QUO-202507132-003,2026-08-02,2026-08-10,已完成,17458.0,待审核,详细但是网站要求决定点击电子.
SO-202507133-001,CUST-CN00007,QUO-202507133-001,2026-08-03,2026-08-11,草稿,21344.0,通过,无法完全参加就是.
SO-202507133-002,CUST-CN00017,QUO-202507133-002,2026-08-04,2026-08-12,已创建,83246.0,通过,喜欢她的更多单位发生.
SO-202507133-003,CUST-CN00012,QUO-202507133-003,2026-08-05,2026-08-13,已审核,58804.0,待审核,认为会员活动首页要求.
SO-202507134-001,CUST-CN00014,QUO-202507134-001,2026-08-06,2026-08-14,已创建,64372.0,通过,广告关系结果世界人民显示投资自己.
SO-202507134-002,CUST-CN00006,QUO-202507134-002,2026-08-07,2026-08-15,已创建,88968.0,待审核,以及一起生活觉得.
SO-202507134-003,CUST-CN00013,QUO-202507134-003,2026-08-08,2026-08-16,草稿,55234.0,通过,市场大家自己这样结果.
SO-202507135-001,CUST-CN00019,QUO-202507135-001,2026-08-09,2026-08-17,已完成,50394.0,待审核,怎么还是功能直接单位的人大小.
SO-202507135-002,CUST-CN00009,QUO-202507135-002,2026-08-10,2026-08-18,已创建,45361.0,通过,介绍一下自己.
SO-202507135-003,CUST-CN00002,QUO-202507135-003,2026-08-11,2026-08-19,已审核,57120.0,待审核,比较经济这个完全情况进入控制.
SO-202507136-001,CUST-CN00019,QUO-202507136-001,2026-08-12,2026-08-20,已完成,45524.0,通过,提高具有需要任何知道为什.
SO-202507136-002,CUST-CN00019,QUO-202507136-002,2026-08-13,2026-08-21,已完成,28573.0,通过,设计合作作为这是主要正在女人.
SO-202507136-003,CUST-CN00004,QUO-202507136-003,2026-08-14,2026-08-22,已完成,22068.0,待审核,目前深圳就是类型必须只要发布.
SO-202507137-001,CUST-CN00018,QUO-202507137-001,2026-08-15,2026-08-23,部分发货,30332.0,待审核,责任成功用户社会.
SO-202507137-002,CUST-CN00009,QUO-202507137-002,2026-08-16,2026-08-24,已审核,42691.0,通过,具有研究系列社会一般提高.
SO-202507137-003,CUST-CN00016,QUO-202507137-003,2026-08-17,2026-08-25,已取消,72437.0,通过,选择更新两个说明组织网上开发.
SO-202507138-001,CUST-CN00009,QUO-202507138-001,2026-08-18,2026-08-26,已创建,53121.0,待审核,建设工作所有一种.
SO-202507138-002,CUST-CN00001,QUO-202507138-002,2026-08-19,2026-08-27,已审核,78623.0,通过,报告社区品牌主题其实.
SO-202507138-003,CUST-CN00020,QUO-202507138-003,2026-08-20,2026-08-28,已创建,41774.0,通过,网络设备来源积分就是我们.
SO-202507139-001,CUST-CN00016,QUO-202507139-001,2026-08-21,2026-08-29,已审核,58319.0,待审核,内容积分日期程序单位政府发展.
SO-202507139-002,CUST-CN00013,QUO-202507139-002,2026-08-22,2026-08-30,已创建,17598.0,待审核,事情为了其中评论.
SO-202507139-003,CUST-CN00019,QUO-202507139-003,2026-08-23,2026-08-31,已完成,62503.0,待审核,操作功能解决都是查看.
SO-202507140-001,CUST-CN00003,QUO-202507140-001,2026-08-24,2026-09-01,已审核,46136.0,通过,经营或者可以本站.
SO-202507140-002,CUST-CN00005,QUO-202507140-002,2026-08-25,2026-09-02,已取消,41855.0,通过,发现这种主题目前问题需要所以.
SO-202507140-003,CUST-CN00012,QUO-202507140-003,2026-08-26,2026-09-03,已取消,42279.0,待审核,北京还是搜索你们.
SO-202507141-001,CUST-CN00019,QUO-202507141-001,2026-08-27,2026-09-04,部分发货,72483.0,待审核,历史但是应该政府行业推荐的话东西.
SO-202507141-002,CUST-CN00017,QUO-202507141-002,2026-08-28,2026-09-05,已审核,83156.0,通过,查看数据不过同时这是.
SO-202507141-003,CUST-CN00010,QUO-202507141-003,2026-08-29,2026-09-06,已取消,40733.0,待审核,根据比较分析空间.
SO-202507142-001,CUST-CN00012,QUO-202507142-001,2026-08-30,2026-09-07,已完成,82909.0,待审核,问题主题这么积分.
SO-202507142-002,CUST-CN00009,QUO-202507142-002,2026-08-31,2026-09-08,已取消,44675.0,待审核,客户具有能力这样单位比较.
SO-202507142-003,CUST-CN00005,QUO-202507142-003,2026-09-01,2026-09-09,已完成,40946.0,通过,事情包括状态留言目前工程更多运行.
SO-202507143-001,CUST-CN00006,QUO-202507143-001,2026-09-02,2026-09-10,已创建,65838.0,待审核,品牌最后时间.
SO-202507143-002,CUST-CN00019,QUO-202507143-002,2026-09-03,2026-09-11,部分发货,89328.0,待审核,回复可以我们具有加入.
SO-202507143-003,CUST-CN00005,QUO-202507143-003,2026-09-04,2026-09-12,已取消,16810.0,待审核,日期文章重要电脑开始可能其中.
SO-202507144-001,CUST-CN00003,QUO-202507144-001,2026-09-05,2026-09-13,已创建,58752.0,待审核,精华方式感觉成为完全合作.
SO-202507144-002,CUST-CN00002,QUO-202507144-002,2026-09-06,2026-09-14,已取消,44732.0,待审核,问题设计而且不会.
SO-202507144-003,CUST-CN00020,QUO-202507144-003,2026-09-07,2026-09-15,已取消,64650.0,通过,出现之后你的过程当然.
SO-202507145-001,CUST-CN00003,QUO-202507145-001,2026-09-08,2026-09-16,已创建,21686.0,通过,浏览到了标准.
SO-202507145-002,CUST-CN00013,QUO-202507145-002,2026-09-09,2026-09-17,已审核,28929.0,通过,注册其他公司必须方法重要一般.
SO-202507145-003,CUST-CN00005,QUO-202507145-003,2026-09-10,2026-09-18,已创建,44183.0,待审核,环境工程单位最新各种.
SO-202507146-001,CUST-CN00015,QUO-202507146-001,2026-09-11,2026-09-19,部分发货,52777.0,通过,日期部门关系一起.
SO-202507146-002,CUST-CN00004,QUO-202507146-002,2026-09-12,2026-09-20,部分发货,31248.0,待审核,那么作品技术主题部分历史.
SO-202507146-003,CUST-CN00018,QUO-202507146-003,2026-09-13,2026-09-21,已创建,85536.0,通过,增加全国本站.
SO-202507147-001,CUST-CN00007,QUO-202507147-001,2026-09-14,2026-09-22,已审核,49452.0,通过,城市全国会员之间地方.
SO-202507147-002,CUST-CN00001,QUO-202507147-002,2026-09-15,2026-09-23,已完成,32119.0,待审核,深圳汽车女人更多部门信息要求相关.
SO-202507147-003,CUST-CN00009,QUO-202507147-003,2026-09-16,2026-09-24,已取消,38661.0,通过,发布投资为什不过浏览.
SO-202507148-001,CUST-CN00007,QUO-202507148-001,2026-09-17,2026-09-25,部分发货,74708.0,通过,行业不要很多这种主题表示品牌.
SO-202507148-002,CUST-CN00017,QUO-202507148-002,2026-09-18,2026-09-26,已取消,84128.0,待审核,的是事情查看大学.
SO-202507148-003,CUST-CN00009,QUO-202507148-003,2026-09-19,2026-09-27,草稿,74611.0,通过,时间游戏那么这是现在.
SO-202507149-001,CUST-CN00004,QUO-202507149-001,2026-09-20,2026-09-28,已取消,37506.0,待审核,一样企业的话组织.
SO-202507149-002,CUST-CN00015,QUO-202507149-002,2026-09-21,2026-09-29,草稿,18534.0,通过,组织准备出来提高信息.
SO-202507149-003,CUST-CN00015,QUO-202507149-003,2026-09-22,2026-09-30,已审核,17138.0,通过,她的工作计划推荐世界.
SO-202507150-001,CUST-CN00014,QUO-202507150-001,2026-09-23,2026-10-01,部分发货,25539.0,待审核,内容也是而且如何质量.
SO-202507150-002,CUST-CN00003,QUO-202507150-002,2026-09-24,2026-10-02,已审核,71964.0,待审核,最大直接搜索网上直接的是.
SO-202507150-003,CUST-CN00014,QUO-202507150-003,2026-09-25,2026-10-03,已取消,28896.0,待审核,因为如果人员成为电脑详细.
SO-202507151-001,CUST-CN00020,QUO-202507151-001,2026-09-26,2026-10-04,已完成,46778.0,待审核,类别比较一切经济参加.
SO-202507151-002,CUST-CN00006,QUO-202507151-002,2026-09-27,2026-10-05,已取消,59695.0,待审核,音乐以及生产以下能够是否一直.
SO-202507151-003,CUST-CN00011,QUO-202507151-003,2026-09-28,2026-10-06,草稿,32705.0,待审核,这么开始管理操作.
SO-202507152-001,CUST-CN00008,QUO-202507152-001,2026-09-29,2026-10-07,已完成,76066.0,通过,这是运行一种重要.
SO-202507152-002,CUST-CN00016,QUO-202507152-002,2026-09-30,2026-10-08,已取消,88317.0,待审核,系统如何登录一切评论的是网上那么.
SO-202507152-003,CUST-CN00019,QUO-202507152-003,2026-10-01,2026-10-09,已取消,44589.0,通过,那些方式简介生活科技文化发表.
SO-202507153-001,CUST-CN00016,QUO-202507153-001,2026-10-02,2026-10-10,部分发货,77867.0,待审核,帮助免费国家全国.
SO-202507153-002,CUST-CN00013,QUO-202507153-002,2026-10-03,2026-10-11,已审核,42534.0,待审核,有限日期软件本站.
SO-202507153-003,CUST-CN00016,QUO-202507153-003,2026-10-04,2026-10-12,部分发货,29326.0,通过,帮助选择当然全部他的结果经营.
SO-202507154-001,CUST-CN00012,QUO-202507154-001,2026-10-05,2026-10-13,草稿,39794.0,通过,北京因此查看记者所有市场增加行业.
SO-202507154-002,CUST-CN00011,QUO-202507154-002,2026-10-06,2026-10-14,已取消,80954.0,待审核,规定本站问题用户经验价格.
SO-202507154-003,CUST-CN00004,QUO-202507154-003,2026-10-07,2026-10-15,部分发货,84151.0,通过,教育业务一下运行.
SO-202507155-001,CUST-CN00005,QUO-202507155-001,2026-10-08,2026-10-16,部分发货,69321.0,通过,两个各种这些下载所以自己两个系列.
SO-202507155-002,CUST-CN00015,QUO-202507155-002,2026-10-09,2026-10-17,已审核,69447.0,待审核,如此人民非常功能发现一直.
SO-202507155-003,CUST-CN00017,QUO-202507155-003,2026-10-10,2026-10-18,已创建,86353.0,待审核,人员时候制作数据查看.
SO-202507156-001,CUST-CN00013,QUO-202507156-001,2026-10-11,2026-10-19,已取消,36995.0,待审核,个人可以任何程序.
SO-202507156-002,CUST-CN00006,QUO-202507156-002,2026-10-12,2026-10-20,已审核,30317.0,通过,男人要求一般项目自己一下其中.
SO-202507156-003,CUST-CN00004,QUO-202507156-003,2026-10-13,2026-10-21,已取消,16403.0,待审核,免费操作公司国家影响等级.
SO-202507157-001,CUST-CN00011,QUO-202507157-001,2026-10-14,2026-10-22,已创建,53699.0,待审核,密码事情不要操作建设以上.
SO-202507157-002,CUST-CN00008,QUO-202507157-002,2026-10-15,2026-10-23,已完成,41444.0,待审核,因此必须当前最后学习学习手机.
SO-202507157-003,CUST-CN00013,QUO-202507157-003,2026-10-16,2026-10-24,已完成,44613.0,通过,系列基本密码那么管理国内最大.
SO-202507158-001,CUST-CN00012,QUO-202507158-001,2026-10-17,2026-10-25,部分发货,42896.0,待审核,拥有影响企业品牌.
SO-202507158-002,CUST-CN00006,QUO-202507158-002,2026-10-18,2026-10-26,已取消,86710.0,通过,密码国内他们更多.
SO-202507158-003,CUST-CN00008,QUO-202507158-003,2026-10-19,2026-10-27,已创建,67797.0,待审核,历史这么不要这些下载.
SO-202507159-001,CUST-CN00016,QUO-202507159-001,2026-10-20,2026-10-28,已完成,73846.0,通过,工作关系学习一些.
SO-202507159-002,CUST-CN00003,QUO-202507159-002,2026-10-21,2026-10-29,已审核,63944.0,通过,很多显示各种今年之间那个.
SO-202507159-003,CUST-CN00011,QUO-202507159-003,2026-10-22,2026-10-30,已完成,62383.0,待审核,特别点击帖子信息.
SO-202507160-001,CUST-CN00007,QUO-202507160-001,2026-10-23,2026-10-31,已完成,59168.0,待审核,觉得推荐虽然市场制作生产那么.
SO-202507160-002,CUST-CN00018,QUO-202507160-002,2026-10-24,2026-11-01,已审核,56244.0,待审核,主题这些朋友或者积分全部实现不过.
SO-202507160-003,CUST-CN00012,QUO-202507160-003,2026-10-25,2026-11-02,已创建,37724.0,待审核,虽然资料如果他们.
SO-202507161-001,CUST-CN00020,QUO-202507161-001,2026-10-26,2026-11-03,已审核,44317.0,待审核,为什经营主要经验合作活动.
SO-202507161-002,CUST-CN00014,QUO-202507161-002,2026-10-27,2026-11-04,已取消,65723.0,待审核,登录首页提供.
SO-202507161-003,CUST-CN00014,QUO-202507161-003,2026-10-28,2026-11-05,已取消,45815.0,待审核,因此程序问题语言帖子威望不是.
SO-202507162-001,CUST-CN00005,QUO-202507162-001,2026-10-29,2026-11-06,草稿,66723.0,通过,觉得客户有限人民类别这种.
SO-202507162-002,CUST-CN00006,QUO-202507162-002,2026-10-30,2026-11-07,草稿,40268.0,待审核,处理一般价格日期语言.
SO-202507162-003,CUST-CN00008,QUO-202507162-003,2026-10-31,2026-11-08,已完成,27875.0,通过,如此环境空间一样设计关系.
SO-202507163-001,CUST-CN00003,QUO-202507163-001,2026-11-01,2026-11-09,已取消,64810.0,通过,中文为什点击单位由于但是企业.
SO-202507163-002,CUST-CN00014,QUO-202507163-002,2026-11-02,2026-11-10,已审核,23005.0,待审核,简介地方方式质量还有.
SO-202507163-003,CUST-CN00016,QUO-202507163-003,2026-11-03,2026-11-11,草稿,25833.0,待审核,地区分析很多文件准备一次只要.
SO-202507164-001,CUST-CN00007,QUO-202507164-001,2026-11-04,2026-11-12,已完成,46816.0,待审核,是一怎么可以特别选择.
SO-202507164-002,CUST-CN00007,QUO-202507164-002,2026-11-05,2026-11-13,已取消,30314.0,通过,发生比较影响因此组织.
SO-202507164-003,CUST-CN00012,QUO-202507164-003,2026-11-06,2026-11-14,已取消,54932.0,待审核,生活这种比较介绍支持.
SO-202507165-001,CUST-CN00008,QUO-202507165-001,2026-11-07,2026-11-15,已创建,39065.0,待审核,文化以下这个不是.
SO-202507165-002,CUST-CN00003,QUO-202507165-002,2026-11-08,2026-11-16,已完成,50875.0,通过,必须公司人民.
SO-202507165-003,CUST-CN00014,QUO-202507165-003,2026-11-09,2026-11-17,已完成,38485.0,待审核,名称地址价格网上完全任何.
SO-202507166-001,CUST-CN00003,QUO-202507166-001,2026-11-10,2026-11-18,已审核,49370.0,通过,资源中心登录通过.
SO-202507166-002,CUST-CN00001,QUO-202507166-002,2026-11-11,2026-11-19,已取消,73275.0,通过,各种之间那么客户一定.
SO-202507166-003,CUST-CN00004,QUO-202507166-003,2026-11-12,2026-11-20,已创建,73280.0,待审核,直接首页方面一些.
SO-202507167-001,CUST-CN00018,QUO-202507167-001,2026-11-13,2026-11-21,已审核,80720.0,通过,其实首页进行更多.
SO-202507167-002,CUST-CN00015,QUO-202507167-002,2026-11-14,2026-11-22,已创建,30587.0,通过,但是名称数据浏览推荐.
SO-202507167-003,CUST-CN00014,QUO-202507167-003,2026-11-15,2026-11-23,草稿,62281.0,待审核,比较商品同时标准会员全部根据.
SO-202507168-001,CUST-CN00013,QUO-202507168-001,2026-11-16,2026-11-24,已审核,36911.0,待审核,来自为了怎么不同一样.
SO-202507168-002,CUST-CN00012,QUO-202507168-002,2026-11-17,2026-11-25,已完成,39294.0,通过,科技已经中心专业网络可是.
SO-202507168-003,CUST-CN00012,QUO-202507168-003,2026-11-18,2026-11-26,已审核,61593.0,待审核,加入一个一点经营.
SO-202507169-001,CUST-CN00001,QUO-202507169-001,2026-11-19,2026-11-27,已审核,70112.0,待审核,学生这里国际成为标题他的同时科技.
SO-202507169-002,CUST-CN00015,QUO-202507169-002,2026-11-20,2026-11-28,已完成,26849.0,待审核,还有技术报告重要发布免费.
SO-202507169-003,CUST-CN00017,QUO-202507169-003,2026-11-21,2026-11-29,已取消,31768.0,通过,研究详细之间出现两个也是积分.
SO-202507170-001,CUST-CN00006,QUO-202507170-001,2026-11-22,2026-11-30,已创建,17055.0,通过,帖子希望因此分析.
SO-202507170-002,CUST-CN00007,QUO-202507170-002,2026-11-23,2026-12-01,已创建,33439.0,通过,服务作者部分首页方法那么.
SO-202507170-003,CUST-CN00019,QUO-202507170-003,2026-11-24,2026-12-02,部分发货,16725.0,通过,音乐单位还是不要更多一些评论.
SO-202507171-001,CUST-CN00003,QUO-202507171-001,2026-11-25,2026-12-03,草稿,55797.0,通过,积分可是重要.
SO-202507171-002,CUST-CN00010,QUO-202507171-002,2026-11-26,2026-12-04,已完成,41598.0,待审核,方面现在系统全部注意资源其他.
SO-202507171-003,CUST-CN00010,QUO-202507171-003,2026-11-27,2026-12-05,部分发货,29452.0,待审核,帮助谢谢就是研究系统一个.
SO-202507172-001,CUST-CN00018,QUO-202507172-001,2026-11-28,2026-12-06,已取消,51779.0,通过,日本不要一个手机.
SO-202507172-002,CUST-CN00009,QUO-202507172-002,2026-11-29,2026-12-07,部分发货,43472.0,通过,之间的是帖子开始.
SO-202507172-003,CUST-CN00020,QUO-202507172-003,2026-11-30,2026-12-08,已取消,29403.0,待审核,都是作为原因拥有简介说明地址可是.
SO-202507173-001,CUST-CN00006,QUO-202507173-001,2026-12-01,2026-12-09,部分发货,38207.0,待审核,国内解决分析操作.
SO-202507173-002,CUST-CN00010,QUO-202507173-002,2026-12-02,2026-12-10,已审核,51258.0,通过,运行网络工程就是日期项目免费.
SO-202507173-003,CUST-CN00002,QUO-202507173-003,2026-12-03,2026-12-11,部分发货,51147.0,通过,经验他的成为没有.
SO-202507174-001,CUST-CN00019,QUO-202507174-001,2026-12-04,2026-12-12,草稿,54351.0,通过,现在这种这里.
SO-202507174-002,CUST-CN00018,QUO-202507174-002,2026-12-05,2026-12-13,已创建,34821.0,待审核,最后更新直接业务.
SO-202507174-003,CUST-CN00006,QUO-202507174-003,2026-12-06,2026-12-14,已创建,36157.0,通过,正在需要参加说明生活如何.
SO-202507175-001,CUST-CN00010,QUO-202507175-001,2026-12-07,2026-12-15,部分发货,56424.0,通过,成为一定根据包括国际或者.
SO-202507175-002,CUST-CN00004,QUO-202507175-002,2026-12-08,2026-12-16,部分发货,26404.0,通过,作为全部问题重要.
SO-202507175-003,CUST-CN00003,QUO-202507175-003,2026-12-09,2026-12-17,已取消,69847.0,通过,直接网站位置.
SO-202507176-001,CUST-CN00016,QUO-202507176-001,2026-12-10,2026-12-18,已审核,30746.0,待审核,单位发布其他生产内容企业虽然.
SO-202507176-002,CUST-CN00012,QUO-202507176-002,2026-12-11,2026-12-19,已创建,21790.0,待审核,一下作者通过留言的人已经很多.
SO-202507176-003,CUST-CN00018,QUO-202507176-003,2026-12-12,2026-12-20,已完成,27352.0,待审核,精华帮助管理不过得到.
SO-202507177-001,CUST-CN00001,QUO-202507177-001,2026-12-13,2026-12-21,草稿,68864.0,待审核,大学原因参加生产时间也是发生.
SO-202507177-002,CUST-CN00007,QUO-202507177-002,2026-12-14,2026-12-22,已审核,49449.0,待审核,汽车东西知道查看知道投资软件.
SO-202507177-003,CUST-CN00001,QUO-202507177-003,2026-12-15,2026-12-23,已创建,66483.0,通过,注意商品销售点击在线.
SO-202507178-001,CUST-CN00011,QUO-202507178-001,2026-12-16,2026-12-24,已取消,29481.0,通过,不断联系时间其中国际.
SO-202507178-002,CUST-CN00006,QUO-202507178-002,2026-12-17,2026-12-25,已审核,60326.0,通过,组织一般开发地区汽车中心欢迎.
SO-202507178-003,CUST-CN00005,QUO-202507178-003,2026-12-18,2026-12-26,已完成,25639.0,通过,以后系列出现介绍.
SO-202507179-001,CUST-CN00013,QUO-202507179-001,2026-12-19,2026-12-27,已审核,51096.0,待审核,客户增加欢迎不过法律.
SO-202507179-002,CUST-CN00010,QUO-202507179-002,2026-12-20,2026-12-28,已审核,38894.0,待审核,一点次数能力规定.
SO-202507179-003,CUST-CN00006,QUO-202507179-003,2026-12-21,2026-12-29,已完成,81706.0,待审核,他们深圳由于经营.
SO-202507180-001,CUST-CN00011,QUO-202507180-001,2026-12-22,2026-12-30,草稿,81227.0,通过,同时上海相关.
SO-202507180-002,CUST-CN00004,QUO-202507180-002,2026-12-23,2026-12-31,草稿,23648.0,待审核,留言网络方面之后参加结果日本.
SO-202507180-003,CUST-CN00019,QUO-202507180-003,2026-12-24,2027-01-01,已取消,20240.0,通过,的是一些喜欢本站来自状态信息.
SO-202507181-001,CUST-CN00002,QUO-202507181-001,2026-12-25,2027-01-02,已完成,48857.0,待审核,评论必须内容产品任何能力.
SO-202507181-002,CUST-CN00009,QUO-202507181-002,2026-12-26,2027-01-03,草稿,40066.0,待审核,游戏标准经济.
SO-202507181-003,CUST-CN00003,QUO-202507181-003,2026-12-27,2027-01-04,已完成,40432.0,通过,更多而且比较积分不断一样得到.
SO-202507182-001,CUST-CN00020,QUO-202507182-001,2026-12-28,2027-01-05,已取消,80408.0,通过,全部原因有些一切.
SO-202507182-002,CUST-CN00004,QUO-202507182-002,2026-12-29,2027-01-06,已完成,73779.0,待审核,很多要求个人应用.
SO-202507182-003,CUST-CN00008,QUO-202507182-003,2026-12-30,2027-01-07,已取消,51584.0,待审核,提高能够因此大小系统新闻.
SO-202507183-001,CUST-CN00014,QUO-202507183-001,2026-12-31,2027-01-08,部分发货,29652.0,待审核,工具分析开发最新.
SO-202507183-002,CUST-CN00002,QUO-202507183-002,2027-01-01,2027-01-09,已完成,16109.0,待审核,增加喜欢用户更新.
SO-202507183-003,CUST-CN00016,QUO-202507183-003,2027-01-02,2027-01-10,草稿,86939.0,待审核,市场一般这么安全回复.
SO-202507184-001,CUST-CN00018,QUO-202507184-001,2027-01-03,2027-01-11,部分发货,48343.0,待审核,的话地区只是投资教育为了.
SO-202507184-002,CUST-CN00014,QUO-202507184-002,2027-01-04,2027-01-12,已创建,53937.0,通过,重要感觉今天技术经验事情.
SO-202507184-003,CUST-CN00013,QUO-202507184-003,2027-01-05,2027-01-13,已完成,82597.0,待审核,学习谢谢应用的是一定.
SO-202507185-001,CUST-CN00015,QUO-202507185-001,2027-01-06,2027-01-14,已审核,59184.0,通过,那么广告学生目前特别两个.
SO-202507185-002,CUST-CN00012,QUO-202507185-002,2027-01-07,2027-01-15,部分发货,41676.0,通过,工具过程软件.
SO-202507185-003,CUST-CN00017,QUO-202507185-003,2027-01-08,2027-01-16,已取消,56787.0,待审核,其中最后广告实现.
SO-202507186-001,CUST-CN00010,QUO-202507186-001,2027-01-09,2027-01-17,已完成,25111.0,待审核,这么报告最后会员论坛主要人员.
SO-202507186-002,CUST-CN00020,QUO-202507186-002,2027-01-10,2027-01-18,已完成,18706.0,待审核,分析实现工具所有阅读生活公司.
SO-202507186-003,CUST-CN00018,QUO-202507186-003,2027-01-11,2027-01-19,已取消,50627.0,通过,深圳汽车如何我的.
SO-202507187-001,CUST-CN00009,QUO-202507187-001,2027-01-12,2027-01-20,草稿,16184.0,通过,没有情况设计建设联系联系.
SO-202507187-002,CUST-CN00009,QUO-202507187-002,2027-01-13,2027-01-21,已审核,84883.0,待审核,如果进入有关环境精华地方她的.
SO-202507187-003,CUST-CN00010,QUO-202507187-003,2027-01-14,2027-01-22,已审核,16053.0,待审核,来源空间不同应用留言人民数据知道.
SO-202507188-001,CUST-CN00007,QUO-202507188-001,2027-01-15,2027-01-23,草稿,37049.0,待审核,孩子联系政府他的销售.
SO-202507188-002,CUST-CN00016,QUO-202507188-002,2027-01-16,2027-01-24,已取消,87622.0,通过,朋友安全或者.
SO-202507188-003,CUST-CN00009,QUO-202507188-003,2027-01-17,2027-01-25,部分发货,15604.0,通过,的人同时因为但是记者.
SO-202507189-001,CUST-CN00017,QUO-202507189-001,2027-01-18,2027-01-26,部分发货,26454.0,待审核,提高最后起来建设生产学生过程希望.
SO-202507189-002,CUST-CN00003,QUO-202507189-002,2027-01-19,2027-01-27,部分发货,39940.0,待审核,图片类型完成.
SO-202507189-003,CUST-CN00001,QUO-202507189-003,2027-01-20,2027-01-28,已审核,68338.0,待审核,喜欢一定电话社会报告.
SO-202507190-001,CUST-CN00011,QUO-202507190-001,2027-01-21,2027-01-29,已完成,25445.0,待审核,具有原因世界文件提高行业.
SO-202507190-002,CUST-CN00008,QUO-202507190-002,2027-01-22,2027-01-30,已创建,26097.0,待审核,销售程序已经一样所以商品.
SO-202507190-003,CUST-CN00018,QUO-202507190-003,2027-01-23,2027-01-31,部分发货,47682.0,待审核,新闻人民系统评论比较.
SO-202507191-001,CUST-CN00002,QUO-202507191-001,2027-01-24,2027-02-01,已取消,35733.0,通过,服务自己进入城市注意.
SO-202507191-002,CUST-CN00018,QUO-202507191-002,2027-01-25,2027-02-02,已取消,46764.0,待审核,计划资源当然为什活动图片.
SO-202507191-003,CUST-CN00010,QUO-202507191-003,2027-01-26,2027-02-03,已取消,68335.0,通过,下载或者专业发表资源单位必须.
SO-202507192-001,CUST-CN00010,QUO-202507192-001,2027-01-27,2027-02-04,草稿,45712.0,通过,之间那个来自.
SO-202507192-002,CUST-CN00019,QUO-202507192-002,2027-01-28,2027-02-05,已创建,15860.0,待审核,社会发生浏览那么如此处理应用.
SO-202507192-003,CUST-CN00009,QUO-202507192-003,2027-01-29,2027-02-06,部分发货,56965.0,通过,生产商品电脑电脑.
SO-202507193-001,CUST-CN00015,QUO-202507193-001,2027-01-30,2027-02-07,已创建,76205.0,通过,最大标题更新都是法律次数详细正在.
SO-202507193-002,CUST-CN00010,QUO-202507193-002,2027-01-31,2027-02-08,已完成,80337.0,通过,就是会员实现不要.
SO-202507193-003,CUST-CN00019,QUO-202507193-003,2027-02-01,2027-02-09,部分发货,17143.0,待审核,留言应该事情软件.
SO-202507194-001,CUST-CN00018,QUO-202507194-001,2027-02-02,2027-02-10,已审核,20004.0,待审核,工具以后简介一起是一.
SO-202507194-002,CUST-CN00007,QUO-202507194-002,2027-02-03,2027-02-11,草稿,72441.0,待审核,分析东西其实得到.
SO-202507194-003,CUST-CN00003,QUO-202507194-003,2027-02-04,2027-02-12,已取消,60405.0,待审核,名称这么本站社会.
SO-202507195-001,CUST-CN00012,QUO-202507195-001,2027-02-05,2027-02-13,已创建,33032.0,待审核,你们免费合作有限这么还是支持.
SO-202507195-002,CUST-CN00015,QUO-202507195-002,2027-02-06,2027-02-14,已完成,75727.0,待审核,使用产品很多还是一下合作.
SO-202507195-003,CUST-CN00019,QUO-202507195-003,2027-02-07,2027-02-15,已审核,63285.0,待审核,关于进行需要那么能力还是.
SO-202507196-001,CUST-CN00008,QUO-202507196-001,2027-02-08,2027-02-16,已取消,85806.0,待审核,能够首页都是地区会员无法参加.
SO-202507196-002,CUST-CN00011,QUO-202507196-002,2027-02-09,2027-02-17,已完成,31254.0,通过,如何公司决定也是可以是否一切这个.
SO-202507196-003,CUST-CN00010,QUO-202507196-003,2027-02-10,2027-02-18,部分发货,20013.0,待审核,这么管理方面资源人员文化.
SO-202507197-001,CUST-CN00009,QUO-202507197-001,2027-02-11,2027-02-19,部分发货,80105.0,待审核,搜索上海当前我的.
SO-202507197-002,CUST-CN00008,QUO-202507197-002,2027-02-12,2027-02-20,已审核,17809.0,待审核,大学日本今年阅读.
SO-202507197-003,CUST-CN00005,QUO-202507197-003,2027-02-13,2027-02-21,部分发货,77978.0,通过,帖子控制单位程序没有活动人民.
SO-202507198-001,CUST-CN00003,QUO-202507198-001,2027-02-14,2027-02-22,已完成,50385.0,通过,所以男人类别主题控制.
SO-202507198-002,CUST-CN00013,QUO-202507198-002,2027-02-15,2027-02-23,已创建,78898.0,通过,电话事情论坛系列建设可以.
SO-202507198-003,CUST-CN00006,QUO-202507198-003,2027-02-16,2027-02-24,草稿,49401.0,通过,政府出来点击标题.
SO-202507199-001,CUST-CN00015,QUO-202507199-001,2027-02-17,2027-02-25,草稿,56853.0,待审核,网站商品资料是一基本搜索.
SO-202507199-002,CUST-CN00009,QUO-202507199-002,2027-02-18,2027-02-26,已完成,62151.0,通过,更多这是拥有你们孩子孩子.
SO-202507199-003,CUST-CN00012,QUO-202507199-003,2027-02-19,2027-02-27,已创建,79259.0,通过,都是发现学生经验最新一些.
SO-202507200-001,CUST-CN00010,QUO-202507200-001,2027-02-20,2027-02-28,已取消,88640.0,待审核,回复帖子相关世界项目.
SO-202507200-002,CUST-CN00014,QUO-202507200-002,2027-02-21,2027-03-01,已取消,29642.0,通过,影响系统已经觉得简介国内比较出现.
SO-202507200-003,CUST-CN00005,QUO-202507200-003,2027-02-22,2027-03-02,已完成,47836.0,通过,建设环境精华只有设备进行.
SO-202507201-001,CUST-CN00014,QUO-202507201-001,2027-02-23,2027-03-03,已完成,64791.0,通过,操作这个图片状态查看.
SO-202507201-002,CUST-CN00004,QUO-202507201-002,2027-02-24,2027-03-04,已完成,67117.0,通过,成功更多一切国家管理登录我们.
SO-202507201-003,CUST-CN00020,QUO-202507201-003,2027-02-25,2027-03-05,部分发货,23226.0,待审核,类型主要图片音乐包括以及计划.
SO-202507202-001,CUST-CN00003,QUO-202507202-001,2027-02-26,2027-03-06,已创建,44959.0,待审核,谢谢不要直接北京这些.
SO-202507202-002,CUST-CN00015,QUO-202507202-002,2027-02-27,2027-03-07,已创建,18595.0,通过,起来活动免费具有.
SO-202507202-003,CUST-CN00002,QUO-202507202-003,2027-02-28,2027-03-08,已取消,39432.0,待审核,学生作为进行状态看到处理增加.
SO-202507203-001,CUST-CN00014,QUO-202507203-001,2027-03-01,2027-03-09,草稿,72708.0,待审核,责任认为音乐地区.
SO-202507203-002,CUST-CN00013,QUO-202507203-002,2027-03-02,2027-03-10,已取消,40428.0,待审核,投资控制等级.
SO-202507203-003,CUST-CN00018,QUO-202507203-003,2027-03-03,2027-03-11,已审核,59373.0,通过,然后网上那么因为北京.
SO-202507204-001,CUST-CN00016,QUO-202507204-001,2027-03-04,2027-03-12,已取消,31222.0,待审核,之间中文提供回复如何业务经验.
SO-202507204-002,CUST-CN00012,QUO-202507204-002,2027-03-05,2027-03-13,已完成,44172.0,通过,查看中文到了怎么谢谢程序基本.
SO-202507204-003,CUST-CN00012,QUO-202507204-003,2027-03-06,2027-03-14,部分发货,86254.0,待审核,一起男人程序.
SO-202507205-001,CUST-CN00016,QUO-202507205-001,2027-03-07,2027-03-15,已取消,50598.0,待审核,以下销售知道组织.
SO-202507205-002,CUST-CN00002,QUO-202507205-002,2027-03-08,2027-03-16,部分发货,42536.0,通过,投资注册有关安全.
SO-202507205-003,CUST-CN00018,QUO-202507205-003,2027-03-09,2027-03-17,已完成,25105.0,通过,还有教育那些表示完成也是.
SO-202507206-001,CUST-CN00009,QUO-202507206-001,2027-03-10,2027-03-18,已完成,45828.0,通过,其实比较发表拥有控制合作.
SO-202507206-002,CUST-CN00017,QUO-202507206-002,2027-03-11,2027-03-19,已创建,35464.0,通过,方法世界积分个人如何汽车.
SO-202507206-003,CUST-CN00001,QUO-202507206-003,2027-03-12,2027-03-20,已完成,85632.0,待审核,建设商品以后程序手机计划.
SO-202507207-001,CUST-CN00008,QUO-202507207-001,2027-03-13,2027-03-21,已取消,77892.0,通过,出现不是主题不同推荐世界.
SO-202507207-002,CUST-CN00012,QUO-202507207-002,2027-03-14,2027-03-22,已创建,53962.0,待审核,电脑活动出来一种作品不要.
SO-202507207-003,CUST-CN00002,QUO-202507207-003,2027-03-15,2027-03-23,已创建,23430.0,待审核,音乐文化他的有些.
SO-202507208-001,CUST-CN00007,QUO-202507208-001,2027-03-16,2027-03-24,部分发货,55542.0,通过,等级发表资源科技关于不同.
SO-202507208-002,CUST-CN00013,QUO-202507208-002,2027-03-17,2027-03-25,已取消,21951.0,待审核,因为资料帖子看到国家如何.
SO-202507208-003,CUST-CN00005,QUO-202507208-003,2027-03-18,2027-03-26,已取消,19406.0,通过,资料之后制作.
SO-202507209-001,CUST-CN00012,QUO-202507209-001,2027-03-19,2027-03-27,已创建,50256.0,通过,大家一直选择到了.
SO-202507209-002,CUST-CN00002,QUO-202507209-002,2027-03-20,2027-03-28,已取消,67301.0,待审核,什么国内不会精华的话您的.
SO-202507209-003,CUST-CN00020,QUO-202507209-003,2027-03-21,2027-03-29,已完成,61116.0,通过,要求语言发展发表作品.
SO-202507210-001,CUST-CN00013,QUO-202507210-001,2027-03-22,2027-03-30,已审核,89893.0,通过,国际生产阅读查看能力网络方式.
SO-202507210-002,CUST-CN00005,QUO-202507210-002,2027-03-23,2027-03-31,草稿,75366.0,待审核,其他以上位置因此.
SO-202507210-003,CUST-CN00006,QUO-202507210-003,2027-03-24,2027-04-01,部分发货,28569.0,待审核,然后不过我们.
SO-202507211-001,CUST-CN00019,QUO-202507211-001,2027-03-25,2027-04-02,已完成,74989.0,通过,合作处理当然同时帖子完成当前电脑.
SO-202507211-002,CUST-CN00010,QUO-202507211-002,2027-03-26,2027-04-03,已审核,47048.0,通过,问题数据阅读应用那个生产.
SO-202507211-003,CUST-CN00008,QUO-202507211-003,2027-03-27,2027-04-04,已取消,35800.0,待审核,一定起来显示研究.
SO-202507212-001,CUST-CN00012,QUO-202507212-001,2027-03-28,2027-04-05,草稿,33329.0,通过,位置密码但是现在标题这么阅读.
SO-202507212-002,CUST-CN00004,QUO-202507212-002,2027-03-29,2027-04-06,已完成,42825.0,待审核,标题企业这里次数搜索起来.
SO-202507212-003,CUST-CN00006,QUO-202507212-003,2027-03-30,2027-04-07,已审核,25490.0,待审核,两个大小类型价格一些.
SO-202507213-001,CUST-CN00019,QUO-202507213-001,2027-03-31,2027-04-08,部分发货,23201.0,通过,一定国家原因现在图片开发.
SO-202507213-002,CUST-CN00015,QUO-202507213-002,2027-04-01,2027-04-09,已完成,43623.0,通过,提高发生系列.
SO-202507213-003,CUST-CN00003,QUO-202507213-003,2027-04-02,2027-04-10,部分发货,19033.0,待审核,怎么方法成为日本.
SO-202507214-001,CUST-CN00002,QUO-202507214-001,2027-04-03,2027-04-11,已完成,39135.0,通过,经营今年管理进行继续其中学生.
SO-202507214-002,CUST-CN00019,QUO-202507214-002,2027-04-04,2027-04-12,草稿,64535.0,待审核,已经密码企业部门.
SO-202507214-003,CUST-CN00019,QUO-202507214-003,2027-04-05,2027-04-13,已取消,15397.0,通过,就是完全登录孩子阅读那个不是这些.
SO-202507215-001,CUST-CN00011,QUO-202507215-001,2027-04-06,2027-04-14,草稿,75041.0,待审核,详细可以状态学校这里程序包括.
SO-202507215-002,CUST-CN00013,QUO-202507215-002,2027-04-07,2027-04-15,已创建,44685.0,通过,教育商品相关.
SO-202507215-003,CUST-CN00008,QUO-202507215-003,2027-04-08,2027-04-16,草稿,78516.0,通过,分析政府她的来自这么.
SO-202507216-001,CUST-CN00003,QUO-202507216-001,2027-04-09,2027-04-17,草稿,69278.0,通过,计划积分只是主要.
SO-202507216-002,CUST-CN00008,QUO-202507216-002,2027-04-10,2027-04-18,已完成,78461.0,通过,包括你的今天.
SO-202507216-003,CUST-CN00008,QUO-202507216-003,2027-04-11,2027-04-19,已完成,55784.0,待审核,作为可能一切为了作为因此.
SO-202507217-001,CUST-CN00011,QUO-202507217-001,2027-04-12,2027-04-20,部分发货,40928.0,待审核,文章作为基本公司.
SO-202507217-002,CUST-CN00015,QUO-202507217-002,2027-04-13,2027-04-21,已创建,34291.0,待审核,设备为了朋友.
SO-202507217-003,CUST-CN00020,QUO-202507217-003,2027-04-14,2027-04-22,已审核,39939.0,待审核,看到作为事情的人.
SO-202507218-001,CUST-CN00003,QUO-202507218-001,2027-04-15,2027-04-23,草稿,83203.0,待审核,部门经验帮助如果的人.
SO-202507218-002,CUST-CN00007,QUO-202507218-002,2027-04-16,2027-04-24,已审核,82711.0,通过,一下北京解决品牌精华.
SO-202507218-003,CUST-CN00015,QUO-202507218-003,2027-04-17,2027-04-25,草稿,25896.0,通过,拥有美国学校结果经济.
SO-202507219-001,CUST-CN00013,QUO-202507219-001,2027-04-18,2027-04-26,已创建,30949.0,待审核,参加男人类别阅读只是来自那么.
SO-202507219-002,CUST-CN00018,QUO-202507219-002,2027-04-19,2027-04-27,已取消,48506.0,通过,完成网络同时管理一点目前电话投资.
SO-202507219-003,CUST-CN00006,QUO-202507219-003,2027-04-20,2027-04-28,已完成,56466.0,通过,一直可能中文根据这里.
SO-202507220-001,CUST-CN00020,QUO-202507220-001,2027-04-21,2027-04-29,已取消,58357.0,通过,日期服务组织的是地方.
SO-202507220-002,CUST-CN00010,QUO-202507220-002,2027-04-22,2027-04-30,已审核,41623.0,待审核,电影密码一定还有国家下载之间.
SO-202507220-003,CUST-CN00017,QUO-202507220-003,2027-04-23,2027-05-01,已完成,76063.0,待审核,类型单位用户出来起来因为任何.
SO-202507221-001,CUST-CN00015,QUO-202507221-001,2027-04-24,2027-05-02,已审核,43192.0,通过,社区文件中心直接无法.
SO-202507221-002,CUST-CN00012,QUO-202507221-002,2027-04-25,2027-05-03,部分发货,53267.0,通过,帮助现在开发欢迎是一.
SO-202507221-003,CUST-CN00020,QUO-202507221-003,2027-04-26,2027-05-04,已完成,60673.0,待审核,价格发表一切国家.
SO-202507222-001,CUST-CN00007,QUO-202507222-001,2027-04-27,2027-05-05,已审核,61244.0,通过,成为功能还是出来环境学习显示.
SO-202507222-002,CUST-CN00001,QUO-202507222-002,2027-04-28,2027-05-06,已审核,51625.0,待审核,国际但是不断所有电子.
SO-202507222-003,CUST-CN00017,QUO-202507222-003,2027-04-29,2027-05-07,已创建,70686.0,通过,发生如何公司有关表示美国欢迎.
SO-202507223-001,CUST-CN00015,QUO-202507223-001,2027-04-30,2027-05-08,草稿,87596.0,待审核,还有完成工作表示电影规定他们就是.
SO-202507223-002,CUST-CN00012,QUO-202507223-002,2027-05-01,2027-05-09,部分发货,62375.0,待审核,同时软件部分情况关于语言.
SO-202507223-003,CUST-CN00003,QUO-202507223-003,2027-05-02,2027-05-10,已创建,21388.0,待审核,一下活动不能如何具有电脑信息.
SO-202507224-001,CUST-CN00020,QUO-202507224-001,2027-05-03,2027-05-11,草稿,53215.0,待审核,的话成为责任世界.
SO-202507224-002,CUST-CN00004,QUO-202507224-002,2027-05-04,2027-05-12,已创建,17826.0,待审核,汽车如此密码因此威望.
SO-202507224-003,CUST-CN00003,QUO-202507224-003,2027-05-05,2027-05-13,已取消,75372.0,通过,评论比较免费基本计划.
SO-202507225-001,CUST-CN00014,QUO-202507225-001,2027-05-06,2027-05-14,已审核,89906.0,通过,希望今天控制全国我的中心是一系统.
SO-202507225-002,CUST-CN00016,QUO-202507225-002,2027-05-07,2027-05-15,部分发货,45034.0,通过,功能开始解决资料公司提供根据.
SO-202507225-003,CUST-CN00019,QUO-202507225-003,2027-05-08,2027-05-16,已创建,27720.0,待审核,推荐方面他的.
SO-202507226-001,CUST-CN00011,QUO-202507226-001,2027-05-09,2027-05-17,已取消,61412.0,待审核,记者信息功能一般部门说明.
SO-202507226-002,CUST-CN00004,QUO-202507226-002,2027-05-10,2027-05-18,已创建,28479.0,通过,事情客户时候登录非常.
SO-202507226-003,CUST-CN00020,QUO-202507226-003,2027-05-11,2027-05-19,草稿,74427.0,待审核,东西设计作者只是.
SO-202507227-001,CUST-CN00018,QUO-202507227-001,2027-05-12,2027-05-20,已审核,42460.0,通过,其他个人中国内容处理类型无法.
SO-202507227-002,CUST-CN00002,QUO-202507227-002,2027-05-13,2027-05-21,已创建,79102.0,通过,这些免费就是国际.
SO-202507227-003,CUST-CN00004,QUO-202507227-003,2027-05-14,2027-05-22,部分发货,39722.0,待审核,我们认为报告人民看到这种.
SO-202507228-001,CUST-CN00018,QUO-202507228-001,2027-05-15,2027-05-23,已创建,83619.0,待审核,能够教育状态免费.
SO-202507228-002,CUST-CN00001,QUO-202507228-002,2027-05-16,2027-05-24,已创建,23937.0,待审核,方法生活中国标准根据.
SO-202507228-003,CUST-CN00012,QUO-202507228-003,2027-05-17,2027-05-25,已创建,70552.0,通过,直接那些文化查看只有.
SO-202507229-001,CUST-CN00020,QUO-202507229-001,2027-05-18,2027-05-26,草稿,31638.0,通过,中心点击具有.
SO-202507229-002,CUST-CN00003,QUO-202507229-002,2027-05-19,2027-05-27,已取消,47378.0,通过,控制来源因此重要基本.
SO-202507229-003,CUST-CN00009,QUO-202507229-003,2027-05-20,2027-05-28,草稿,88981.0,待审核,最大出现东西.
SO-202507230-001,CUST-CN00001,QUO-202507230-001,2027-05-21,2027-05-29,部分发货,22393.0,待审核,个人为什作为对于.
SO-202507230-002,CUST-CN00019,QUO-202507230-002,2027-05-22,2027-05-30,已审核,50735.0,待审核,经验本站部分法律是一这个.
SO-202507230-003,CUST-CN00004,QUO-202507230-003,2027-05-23,2027-05-31,已审核,43233.0,待审核,内容之后但是已经资源.
SO-202507231-001,CUST-CN00018,QUO-202507231-001,2027-05-24,2027-06-01,草稿,80438.0,通过,自己自己主要开始市场类型注册任何.
SO-202507231-002,CUST-CN00006,QUO-202507231-002,2027-05-25,2027-06-02,部分发货,54134.0,通过,不要系列表示登录不同企业.
SO-202507231-003,CUST-CN00020,QUO-202507231-003,2027-05-26,2027-06-03,已完成,58438.0,通过,当前任何重要有些完成为了而且.
SO-202507232-001,CUST-CN00005,QUO-202507232-001,2027-05-27,2027-06-04,已创建,73735.0,待审核,这么类别单位美国方式.
SO-202507232-002,CUST-CN00019,QUO-202507232-002,2027-05-28,2027-06-05,已完成,69265.0,待审核,地址孩子根据数据.
SO-202507232-003,CUST-CN00005,QUO-202507232-003,2027-05-29,2027-06-06,已取消,43570.0,通过,如何继续认为相关文章社区本站.
SO-202507233-001,CUST-CN00011,QUO-202507233-001,2027-05-30,2027-06-07,已取消,57080.0,待审核,实现部门精华作品回复.
SO-202507233-002,CUST-CN00011,QUO-202507233-002,2027-05-31,2027-06-08,已创建,51525.0,通过,建设电话品牌计划.
SO-202507233-003,CUST-CN00020,QUO-202507233-003,2027-06-01,2027-06-09,部分发货,37563.0,通过,一样比较部门论坛.
SO-202507234-001,CUST-CN00019,QUO-202507234-001,2027-06-02,2027-06-10,已审核,24638.0,待审核,正在或者这里解决.
SO-202507234-002,CUST-CN00019,QUO-202507234-002,2027-06-03,2027-06-11,已创建,53664.0,待审核,深圳有关密码不要不能进入.
SO-202507234-003,CUST-CN00002,QUO-202507234-003,2027-06-04,2027-06-12,已创建,73505.0,通过,提高提供应用也是不是这些空间就是.
SO-202507235-001,CUST-CN00002,QUO-202507235-001,2027-06-05,2027-06-13,已取消,62757.0,待审核,一定法律不断说明.
SO-202507235-002,CUST-CN00001,QUO-202507235-002,2027-06-06,2027-06-14,已创建,36856.0,待审核,说明搜索只要到了数据这样.
SO-202507235-003,CUST-CN00014,QUO-202507235-003,2027-06-07,2027-06-15,已取消,46974.0,待审核,人员如果国际同时这些.
SO-202507236-001,CUST-CN00010,QUO-202507236-001,2027-06-08,2027-06-16,已创建,79913.0,通过,处理她的国家拥有技术学习.
SO-202507236-002,CUST-CN00002,QUO-202507236-002,2027-06-09,2027-06-17,已完成,62107.0,待审核,科技教育影响法律资源.
SO-202507236-003,CUST-CN00009,QUO-202507236-003,2027-06-10,2027-06-18,已审核,38469.0,通过,国际那么认为大学如何正在其中.
SO-202507237-001,CUST-CN00014,QUO-202507237-001,2027-06-11,2027-06-19,部分发货,43166.0,待审核,数据非常一下而且.
SO-202507237-002,CUST-CN00018,QUO-202507237-002,2027-06-12,2027-06-20,已审核,24280.0,待审核,的人文件而且.
SO-202507237-003,CUST-CN00009,QUO-202507237-003,2027-06-13,2027-06-21,已取消,27545.0,待审核,程序那个浏览增加工具资源.
SO-202507238-001,CUST-CN00001,QUO-202507238-001,2027-06-14,2027-06-22,已审核,59982.0,待审核,可以需要他们重要联系.
SO-202507238-002,CUST-CN00001,QUO-202507238-002,2027-06-15,2027-06-23,已审核,19842.0,通过,过程网络能够市场.
SO-202507238-003,CUST-CN00016,QUO-202507238-003,2027-06-16,2027-06-24,已取消,70691.0,通过,世界当前人民法律.
SO-202507239-001,CUST-CN00010,QUO-202507239-001,2027-06-17,2027-06-25,已完成,89825.0,待审核,会员推荐来源男人决定.
SO-202507239-002,CUST-CN00003,QUO-202507239-002,2027-06-18,2027-06-26,已取消,48449.0,通过,时间相关实现社会工程内容产品.
SO-202507239-003,CUST-CN00009,QUO-202507239-003,2027-06-19,2027-06-27,草稿,86025.0,待审核,组织精华经营完成.
SO-202507240-001,CUST-CN00016,QUO-202507240-001,2027-06-20,2027-06-28,已取消,37976.0,通过,不会欢迎准备提供准备自己历史.
SO-202507240-002,CUST-CN00008,QUO-202507240-002,2027-06-21,2027-06-29,已完成,81120.0,待审核,选择资料方法中文学校记者方面.
SO-202507240-003,CUST-CN00007,QUO-202507240-003,2027-06-22,2027-06-30,已完成,67377.0,待审核,地址关系经验.
SO-202507241-001,CUST-CN00003,QUO-202507241-001,2027-06-23,2027-07-01,已创建,75725.0,通过,社区以及人员专业作为只要标准.
SO-202507241-002,CUST-CN00010,QUO-202507241-002,2027-06-24,2027-07-02,部分发货,56295.0,待审核,一次包括说明数据这个正在虽然积分.
SO-202507241-003,CUST-CN00016,QUO-202507241-003,2027-06-25,2027-07-03,草稿,25552.0,待审核,国家你的还是关于以后.
SO-202507242-001,CUST-CN00008,QUO-202507242-001,2027-06-26,2027-07-04,部分发货,58736.0,通过,最大方法发表本站我们不断语言.
SO-202507242-002,CUST-CN00009,QUO-202507242-002,2027-06-27,2027-07-05,已取消,29338.0,通过,完全但是还有关系.
SO-202507242-003,CUST-CN00016,QUO-202507242-003,2027-06-28,2027-07-06,部分发货,57811.0,待审核,推荐其中不同不断.
SO-202507243-001,CUST-CN00006,QUO-202507243-001,2027-06-29,2027-07-07,已取消,31105.0,待审核,美国发布知道联系.
SO-202507243-002,CUST-CN00017,QUO-202507243-002,2027-06-30,2027-07-08,已审核,51614.0,待审核,不过网上这里.
SO-202507243-003,CUST-CN00013,QUO-202507243-003,2027-07-01,2027-07-09,已取消,73735.0,通过,位置文件继续广告.
SO-202507244-001,CUST-CN00019,QUO-202507244-001,2027-07-02,2027-07-10,部分发货,67347.0,通过,广告可是觉得还是.
SO-202507244-002,CUST-CN00005,QUO-202507244-002,2027-07-03,2027-07-11,已取消,70857.0,待审核,那么类型这是最后你们更新文化组织.
SO-202507244-003,CUST-CN00016,QUO-202507244-003,2027-07-04,2027-07-12,已审核,26413.0,通过,空间部门回复生产最后有些.
SO-202507245-001,CUST-CN00002,QUO-202507245-001,2027-07-05,2027-07-13,已完成,46876.0,待审核,完成而且电影对于.
SO-202507245-002,CUST-CN00015,QUO-202507245-002,2027-07-06,2027-07-14,已取消,65722.0,通过,作者电脑完全法律免费时间.
SO-202507245-003,CUST-CN00017,QUO-202507245-003,2027-07-07,2027-07-15,已完成,17896.0,待审核,学校关系以后类型管理只是如此.
SO-202507246-001,CUST-CN00006,QUO-202507246-001,2027-07-08,2027-07-16,已创建,80109.0,通过,游戏完成系列网络.
SO-202507246-002,CUST-CN00009,QUO-202507246-002,2027-07-09,2027-07-17,已创建,70117.0,通过,一种今天准备是一东西空间主要最新.
SO-202507246-003,CUST-CN00019,QUO-202507246-003,2027-07-10,2027-07-18,草稿,28443.0,通过,相关在线空间管理控制要求.
SO-202507247-001,CUST-CN00003,QUO-202507247-001,2027-07-11,2027-07-19,部分发货,28445.0,待审核,经济经营下载行业网站表示喜欢.
SO-202507247-002,CUST-CN00005,QUO-202507247-002,2027-07-12,2027-07-20,已取消,45707.0,待审核,完成可是可能同时这里.
SO-202507247-003,CUST-CN00020,QUO-202507247-003,2027-07-13,2027-07-21,已取消,65516.0,待审核,精华完成语言通过希望服务喜欢.
SO-202507248-001,CUST-CN00014,QUO-202507248-001,2027-07-14,2027-07-22,已审核,80179.0,通过,说明汽车包括之后一直留言一样一样.
SO-202507248-002,CUST-CN00014,QUO-202507248-002,2027-07-15,2027-07-23,草稿,30049.0,通过,中心以下不是技术各种来源介绍在线.
SO-202507248-003,CUST-CN00008,QUO-202507248-003,2027-07-16,2027-07-24,已完成,58476.0,待审核,认为包括不过生产来自完全你的.
SO-202507249-001,CUST-CN00012,QUO-202507249-001,2027-07-17,2027-07-25,草稿,62930.0,待审核,人民现在工作关系非常本站.
SO-202507249-002,CUST-CN00005,QUO-202507249-002,2027-07-18,2027-07-26,已完成,25592.0,通过,评论进入所有男人.
SO-202507249-003,CUST-CN00016,QUO-202507249-003,2027-07-19,2027-07-27,已取消,59775.0,待审核,其中密码女人系统两个今年那个.
SO-202507250-001,CUST-CN00007,QUO-202507250-001,2027-07-20,2027-07-28,已取消,17288.0,待审核,必须一个以上阅读.
SO-202507250-002,CUST-CN00018,QUO-202507250-002,2027-07-21,2027-07-29,已完成,72098.0,待审核,系统谢谢城市.
SO-202507250-003,CUST-CN00013,QUO-202507250-003,2027-07-22,2027-07-30,已完成,18229.0,通过,回复最新情况状态一定音乐这是.
SO-202507251-001,CUST-CN00007,QUO-202507251-001,2027-07-23,2027-07-31,草稿,58251.0,通过,注意用户那些文件.
SO-202507251-002,CUST-CN00016,QUO-202507251-002,2027-07-24,2027-08-01,草稿,42670.0,通过,看到那么有些发展这么一直就是.
SO-202507251-003,CUST-CN00005,QUO-202507251-003,2027-07-25,2027-08-02,已取消,55639.0,待审核,部分只要注意各种客户.
SO-202507252-001,CUST-CN00007,QUO-202507252-001,2027-07-26,2027-08-03,草稿,46887.0,待审核,这种注意因为来源音乐进入.
SO-202507252-002,CUST-CN00011,QUO-202507252-002,2027-07-27,2027-08-04,草稿,16067.0,通过,为什重要电子都是教育以下科技.
SO-202507252-003,CUST-CN00015,QUO-202507252-003,2027-07-28,2027-08-05,部分发货,63473.0,通过,密码地址方面论坛当然应该其中如果.
SO-202507253-001,CUST-CN00012,QUO-202507253-001,2027-07-29,2027-08-06,已审核,60822.0,待审核,目前产品这个.
SO-202507253-002,CUST-CN00018,QUO-202507253-002,2027-07-30,2027-08-07,已完成,75145.0,通过,历史环境投资但是情况无法法律.
SO-202507253-003,CUST-CN00004,QUO-202507253-003,2027-07-31,2027-08-08,已完成,36729.0,通过,包括一般地址制作城市都是帖子世界.
SO-202507254-001,CUST-CN00012,QUO-202507254-001,2027-08-01,2027-08-09,已审核,43981.0,通过,是一包括当然各种时候资源新闻.
SO-202507254-002,CUST-CN00019,QUO-202507254-002,2027-08-02,2027-08-10,草稿,75544.0,待审核,说明国内什么你们成功其实.
SO-202507254-003,CUST-CN00014,QUO-202507254-003,2027-08-03,2027-08-11,已审核,29304.0,通过,价格所以出来来自行业.
SO-202507255-001,CUST-CN00009,QUO-202507255-001,2027-08-04,2027-08-12,草稿,23154.0,待审核,一直一些大学.
SO-202507255-002,CUST-CN00001,QUO-202507255-002,2027-08-05,2027-08-13,草稿,49036.0,待审核,企业游戏运行注意一些合作.
SO-202507255-003,CUST-CN00006,QUO-202507255-003,2027-08-06,2027-08-14,部分发货,86130.0,通过,虽然方面当然工具由于朋友应该.
SO-202507256-001,CUST-CN00003,QUO-202507256-001,2027-08-07,2027-08-15,已完成,88907.0,待审核,的是一般国际以后系统的人方式只是.
SO-202507256-002,CUST-CN00004,QUO-202507256-002,2027-08-08,2027-08-16,已创建,60266.0,待审核,社区网站当然特别全国问题如果会员.
SO-202507256-003,CUST-CN00017,QUO-202507256-003,2027-08-09,2027-08-17,已完成,24826.0,待审核,的人表示科技精华中心.
SO-202507257-001,CUST-CN00013,QUO-202507257-001,2027-08-10,2027-08-18,已完成,16193.0,待审核,可以国内发生.
SO-202507257-002,CUST-CN00010,QUO-202507257-002,2027-08-11,2027-08-19,部分发货,27208.0,待审核,图片喜欢起来当前注册使用.
SO-202507257-003,CUST-CN00015,QUO-202507257-003,2027-08-12,2027-08-20,已完成,88367.0,待审核,实现欢迎文章这里只有情况朋友.
SO-202507258-001,CUST-CN00008,QUO-202507258-001,2027-08-13,2027-08-21,已创建,43467.0,待审核,内容所有企业.
SO-202507258-002,CUST-CN00011,QUO-202507258-002,2027-08-14,2027-08-22,草稿,43409.0,通过,人员提供如果语言更新具有注册.
SO-202507258-003,CUST-CN00011,QUO-202507258-003,2027-08-15,2027-08-23,草稿,33653.0,待审核,说明关系组织.
SO-202507259-001,CUST-CN00018,QUO-202507259-001,2027-08-16,2027-08-24,部分发货,63609.0,通过,人员程序进行规定.
SO-202507259-002,CUST-CN00002,QUO-202507259-002,2027-08-17,2027-08-25,已完成,77026.0,通过,拥有这是是否由于.
SO-202507259-003,CUST-CN00015,QUO-202507259-003,2027-08-18,2027-08-26,部分发货,55832.0,待审核,管理通过如此国家地区.
SO-202507260-001,CUST-CN00014,QUO-202507260-001,2027-08-19,2027-08-27,已取消,17424.0,待审核,我们出来完成一点.
SO-202507260-002,CUST-CN00017,QUO-202507260-002,2027-08-20,2027-08-28,已创建,82645.0,待审核,提供进行推荐商品.
SO-202507260-003,CUST-CN00010,QUO-202507260-003,2027-08-21,2027-08-29,已完成,83300.0,通过,更新产品研究朋友产品各种起来.
SO-202507261-001,CUST-CN00009,QUO-202507261-001,2027-08-22,2027-08-30,已完成,58671.0,通过,回复注意当前感觉音乐.
SO-202507261-002,CUST-CN00008,QUO-202507261-002,2027-08-23,2027-08-31,已创建,18026.0,待审核,企业生产过程评论重要点击这里.
SO-202507261-003,CUST-CN00012,QUO-202507261-003,2027-08-24,2027-09-01,草稿,52538.0,通过,联系一切规定具有计划.
SO-202507262-001,CUST-CN00008,QUO-202507262-001,2027-08-25,2027-09-02,部分发货,82447.0,待审核,生产人民为了起来当然中国.
SO-202507262-002,CUST-CN00001,QUO-202507262-002,2027-08-26,2027-09-03,草稿,21007.0,待审核,目前社区关系.
SO-202507262-003,CUST-CN00014,QUO-202507262-003,2027-08-27,2027-09-04,部分发货,72937.0,待审核,成功而且同时出现精华.
SO-202507263-001,CUST-CN00016,QUO-202507263-001,2027-08-28,2027-09-05,草稿,19119.0,待审核,如果不过类别如此.
SO-202507263-002,CUST-CN00014,QUO-202507263-002,2027-08-29,2027-09-06,部分发货,62195.0,待审核,所有我的日本留言这个更多.
SO-202507263-003,CUST-CN00004,QUO-202507263-003,2027-08-30,2027-09-07,已取消,83073.0,通过,中文科技当前最后一定这些那么.
SO-202507264-001,CUST-CN00003,QUO-202507264-001,2027-08-31,2027-09-08,已创建,35326.0,通过,如此质量的人这么任何.
SO-202507264-002,CUST-CN00011,QUO-202507264-002,2027-09-01,2027-09-09,已完成,35635.0,通过,行业一个目前朋友.
SO-202507264-003,CUST-CN00001,QUO-202507264-003,2027-09-02,2027-09-10,部分发货,23836.0,待审核,回复国家那么网络部分.
SO-202507265-001,CUST-CN00020,QUO-202507265-001,2027-09-03,2027-09-11,已完成,45599.0,通过,所以得到结果文章深圳完成提高.
SO-202507265-002,CUST-CN00016,QUO-202507265-002,2027-09-04,2027-09-12,已审核,34777.0,待审核,相关类型公司.
SO-202507265-003,CUST-CN00001,QUO-202507265-003,2027-09-05,2027-09-13,部分发货,81209.0,通过,留言结果新闻.
SO-202507266-001,CUST-CN00018,QUO-202507266-001,2027-09-06,2027-09-14,部分发货,62915.0,通过,自己位置这是可以美国人员就是.
SO-202507266-002,CUST-CN00016,QUO-202507266-002,2027-09-07,2027-09-15,已创建,37623.0,待审核,日本全国这种类型其中社区.
SO-202507266-003,CUST-CN00004,QUO-202507266-003,2027-09-08,2027-09-16,已审核,34391.0,待审核,发表美国所有次数阅读密码.
SO-202507267-001,CUST-CN00002,QUO-202507267-001,2027-09-09,2027-09-17,已完成,30544.0,待审核,虽然客户现在.
SO-202507267-002,CUST-CN00001,QUO-202507267-002,2027-09-10,2027-09-18,草稿,57259.0,通过,如何一下政府应该说明.
SO-202507267-003,CUST-CN00015,QUO-202507267-003,2027-09-11,2027-09-19,部分发货,47549.0,待审核,提高加入文章感觉感觉显示自己.
SO-202507268-001,CUST-CN00018,QUO-202507268-001,2027-09-12,2027-09-20,部分发货,84880.0,待审核,都是只要产品公司组织公司无法.
SO-202507268-002,CUST-CN00009,QUO-202507268-002,2027-09-13,2027-09-21,已审核,45937.0,通过,成为提供当然时候.
SO-202507268-003,CUST-CN00014,QUO-202507268-003,2027-09-14,2027-09-22,已完成,42639.0,待审核,直接当然参加加入的人这样对于搜索.
SO-202507269-001,CUST-CN00002,QUO-202507269-001,2027-09-15,2027-09-23,草稿,37197.0,待审核,方法行业发表介绍城市同时.
SO-202507269-002,CUST-CN00004,QUO-202507269-002,2027-09-16,2027-09-24,已完成,47225.0,待审核,拥有文件应该一定.
SO-202507269-003,CUST-CN00019,QUO-202507269-003,2027-09-17,2027-09-25,草稿,81137.0,通过,音乐的话帮助.
SO-202507270-001,CUST-CN00016,QUO-202507270-001,2027-09-18,2027-09-26,部分发货,75840.0,待审核,关系这里处理次数.
SO-202507270-002,CUST-CN00006,QUO-202507270-002,2027-09-19,2027-09-27,已创建,33374.0,待审核,但是是一这么首页时间.
SO-202507270-003,CUST-CN00008,QUO-202507270-003,2027-09-20,2027-09-28,已取消,46594.0,通过,服务科技中文人民质量.
SO-202507271-001,CUST-CN00001,QUO-202507271-001,2027-09-21,2027-09-29,已审核,88987.0,待审核,服务她的非常部分.
SO-202507271-002,CUST-CN00020,QUO-202507271-002,2027-09-22,2027-09-30,已审核,54334.0,通过,留言销售提高帮助.
SO-202507271-003,CUST-CN00019,QUO-202507271-003,2027-09-23,2027-10-01,已审核,24549.0,通过,通过可是地址那么使用部分.
SO-202507272-001,CUST-CN00018,QUO-202507272-001,2027-09-24,2027-10-02,已创建,77598.0,待审核,很多本站主题系列行业发布中文.
SO-202507272-002,CUST-CN00013,QUO-202507272-002,2027-09-25,2027-10-03,已审核,30127.0,通过,密码通过以及新闻当前什么语言.
SO-202507272-003,CUST-CN00017,QUO-202507272-003,2027-09-26,2027-10-04,已审核,40115.0,通过,业务东西一点广告建设这是其他评论.
SO-202507273-001,CUST-CN00012,QUO-202507273-001,2027-09-27,2027-10-05,草稿,80688.0,待审核,查看一下音乐有些积分.
SO-202507273-002,CUST-CN00005,QUO-202507273-002,2027-09-28,2027-10-06,已完成,69984.0,通过,一个准备网上通过.
SO-202507273-003,CUST-CN00007,QUO-202507273-003,2027-09-29,2027-10-07,已创建,19526.0,通过,这个标准类型.
SO-202507274-001,CUST-CN00020,QUO-202507274-001,2027-09-30,2027-10-08,已审核,28867.0,待审核,认为分析影响制作工具一下.
SO-202507274-002,CUST-CN00011,QUO-202507274-002,2027-10-01,2027-10-09,已审核,72362.0,待审核,自己起来目前大小类型女人.
SO-202507274-003,CUST-CN00017,QUO-202507274-003,2027-10-02,2027-10-10,部分发货,60047.0,通过,是一任何这样回复感觉对于组织还有.
SO-202507275-001,CUST-CN00015,QUO-202507275-001,2027-10-03,2027-10-11,已审核,86676.0,通过,这是活动日期所有一些品牌.
SO-202507275-002,CUST-CN00014,QUO-202507275-002,2027-10-04,2027-10-12,草稿,44888.0,通过,经营也是销售今天可能方面.
SO-202507275-003,CUST-CN00008,QUO-202507275-003,2027-10-05,2027-10-13,已取消,38688.0,通过,语言大学产品大家.
SO-202507276-001,CUST-CN00016,QUO-202507276-001,2027-10-06,2027-10-14,已完成,23216.0,通过,位置作者更多方面制作.
SO-202507276-002,CUST-CN00010,QUO-202507276-002,2027-10-07,2027-10-15,部分发货,16203.0,待审核,为了业务的是功能一直.
SO-202507276-003,CUST-CN00019,QUO-202507276-003,2027-10-08,2027-10-16,部分发货,28543.0,通过,用户地址一些项目.
SO-202507277-001,CUST-CN00004,QUO-202507277-001,2027-10-09,2027-10-17,草稿,74296.0,待审核,很多地方只有能够最新怎么开始.
SO-202507277-002,CUST-CN00002,QUO-202507277-002,2027-10-10,2027-10-18,已审核,74363.0,通过,中国信息一个一种.
SO-202507277-003,CUST-CN00004,QUO-202507277-003,2027-10-11,2027-10-19,草稿,35048.0,通过,操作市场最后开发威望安全以及.
SO-202507278-001,CUST-CN00013,QUO-202507278-001,2027-10-12,2027-10-20,已完成,84648.0,待审核,其中方式目前安全还是无法一切.
SO-202507278-002,CUST-CN00020,QUO-202507278-002,2027-10-13,2027-10-21,草稿,50834.0,待审核,比较用户说明.
SO-202507278-003,CUST-CN00018,QUO-202507278-003,2027-10-14,2027-10-22,草稿,71834.0,通过,部分手机朋友.
SO-202507279-001,CUST-CN00020,QUO-202507279-001,2027-10-15,2027-10-23,已创建,83199.0,通过,企业相关注意.
SO-202507279-002,CUST-CN00017,QUO-202507279-002,2027-10-16,2027-10-24,已创建,31375.0,待审核,软件学生威望全国.
SO-202507279-003,CUST-CN00001,QUO-202507279-003,2027-10-17,2027-10-25,草稿,80628.0,待审核,部分环境这是留言资源一般.
SO-202507280-001,CUST-CN00010,QUO-202507280-001,2027-10-18,2027-10-26,已创建,34082.0,待审核,他的社会她的文章游戏.
SO-202507280-002,CUST-CN00019,QUO-202507280-002,2027-10-19,2027-10-27,已完成,18252.0,通过,就是上海国家地址投资我们.
SO-202507280-003,CUST-CN00015,QUO-202507280-003,2027-10-20,2027-10-28,已完成,40004.0,待审核,应用责任精华搜索.
SO-202507281-001,CUST-CN00007,QUO-202507281-001,2027-10-21,2027-10-29,已创建,53955.0,通过,感觉现在威望.
SO-202507281-002,CUST-CN00001,QUO-202507281-002,2027-10-22,2027-10-30,已取消,79052.0,通过,专业喜欢人民软件.
SO-202507281-003,CUST-CN00009,QUO-202507281-003,2027-10-23,2027-10-31,已创建,20392.0,通过,需要完全地区系统类型.
SO-202507282-001,CUST-CN00018,QUO-202507282-001,2027-10-24,2027-11-01,已取消,88678.0,通过,浏览资源作品北京他们.
SO-202507282-002,CUST-CN00003,QUO-202507282-002,2027-10-25,2027-11-02,已取消,78356.0,通过,更多孩子具有.
SO-202507282-003,CUST-CN00008,QUO-202507282-003,2027-10-26,2027-11-03,已审核,83384.0,通过,一种不能中国日本标题.
SO-202507283-001,CUST-CN00015,QUO-202507283-001,2027-10-27,2027-11-04,已审核,67646.0,通过,而且信息控制女人.
SO-202507283-002,CUST-CN00003,QUO-202507283-002,2027-10-28,2027-11-05,已完成,72677.0,待审核,详细过程简介结果.
SO-202507283-003,CUST-CN00019,QUO-202507283-003,2027-10-29,2027-11-06,已取消,34569.0,待审核,他的中心计划不能.
SO-202507284-001,CUST-CN00020,QUO-202507284-001,2027-10-30,2027-11-07,部分发货,41672.0,通过,生产问题应用地方一样生活以下.
SO-202507284-002,CUST-CN00005,QUO-202507284-002,2027-10-31,2027-11-08,已取消,68438.0,待审核,信息地区是一经验其中.
SO-202507284-003,CUST-CN00014,QUO-202507284-003,2027-11-01,2027-11-09,已创建,84995.0,待审核,来自最后有限次数网站留言活动.
SO-202507285-001,CUST-CN00004,QUO-202507285-001,2027-11-02,2027-11-10,已取消,43137.0,待审核,其他或者继续上海登录问题查看注意.
SO-202507285-002,CUST-CN00007,QUO-202507285-002,2027-11-03,2027-11-11,部分发货,81744.0,待审核,直接开始研究也是.
SO-202507285-003,CUST-CN00020,QUO-202507285-003,2027-11-04,2027-11-12,已审核,76499.0,待审核,中文能力价格完全最后比较.
SO-202507286-001,CUST-CN00009,QUO-202507286-001,2027-11-05,2027-11-13,部分发货,36383.0,通过,出来简介用户环境.
SO-202507286-002,CUST-CN00010,QUO-202507286-002,2027-11-06,2027-11-14,部分发货,84359.0,待审核,为了推荐女人一点免费介绍都是.
SO-202507286-003,CUST-CN00009,QUO-202507286-003,2027-11-07,2027-11-15,已完成,39072.0,通过,重要如果名称免费时候.
SO-202507287-001,CUST-CN00009,QUO-202507287-001,2027-11-08,2027-11-16,草稿,77996.0,待审核,来源就是行业上海非常.
SO-202507287-002,CUST-CN00004,QUO-202507287-002,2027-11-09,2027-11-17,草稿,22818.0,待审核,自己威望用户帮助东西没有.
SO-202507287-003,CUST-CN00017,QUO-202507287-003,2027-11-10,2027-11-18,已创建,51161.0,通过,进入完全一般.
SO-202507288-001,CUST-CN00017,QUO-202507288-001,2027-11-11,2027-11-19,已完成,51938.0,待审核,最后国内能够今天.
SO-202507288-002,CUST-CN00014,QUO-202507288-002,2027-11-12,2027-11-20,已审核,47922.0,通过,或者市场教育会员.
SO-202507288-003,CUST-CN00014,QUO-202507288-003,2027-11-13,2027-11-21,已创建,39928.0,通过,有些介绍如此.
SO-202507289-001,CUST-CN00009,QUO-202507289-001,2027-11-14,2027-11-22,已完成,64956.0,通过,的是商品女人推荐.
SO-202507289-002,CUST-CN00010,QUO-202507289-002,2027-11-15,2027-11-23,部分发货,38776.0,通过,公司网络查看学生帖子推荐.
SO-202507289-003,CUST-CN00004,QUO-202507289-003,2027-11-16,2027-11-24,已取消,28291.0,待审核,直接企业一点应用.
SO-202507290-001,CUST-CN00016,QUO-202507290-001,2027-11-17,2027-11-25,已完成,45492.0,待审核,看到国家查看原因提高数据.
SO-202507290-002,CUST-CN00006,QUO-202507290-002,2027-11-18,2027-11-26,已创建,66686.0,待审核,我的登录关系问题成功数据怎么.
SO-202507290-003,CUST-CN00006,QUO-202507290-003,2027-11-19,2027-11-27,部分发货,24514.0,待审核,这些功能作者.
SO-202507291-001,CUST-CN00001,QUO-202507291-001,2027-11-20,2027-11-28,草稿,83995.0,通过,类别等级经济.
SO-202507291-002,CUST-CN00008,QUO-202507291-002,2027-11-21,2027-11-29,草稿,83845.0,通过,虽然决定国际技术.
SO-202507291-003,CUST-CN00001,QUO-202507291-003,2027-11-22,2027-11-30,已取消,37755.0,待审核,进入应该次数文件安全合作都是结果.
SO-202507292-001,CUST-CN00016,QUO-202507292-001,2027-11-23,2027-12-01,已审核,57045.0,通过,发生国家主题准备一切.
SO-202507292-002,CUST-CN00019,QUO-202507292-002,2027-11-24,2027-12-02,已创建,63836.0,通过,或者以及一样介绍.
SO-202507292-003,CUST-CN00003,QUO-202507292-003,2027-11-25,2027-12-03,部分发货,73696.0,通过,基本最新可以一点.
SO-202507293-001,CUST-CN00012,QUO-202507293-001,2027-11-26,2027-12-04,已完成,25879.0,待审核,完成必须需要两个到了.
SO-202507293-002,CUST-CN00020,QUO-202507293-002,2027-11-27,2027-12-05,已创建,62819.0,待审核,管理单位这里介绍地方.
SO-202507293-003,CUST-CN00006,QUO-202507293-003,2027-11-28,2027-12-06,已取消,85913.0,待审核,威望积分操作法律日本.
SO-202507294-001,CUST-CN00006,QUO-202507294-001,2027-11-29,2027-12-07,已取消,82229.0,通过,以下不同数据发生无法网上全国.
SO-202507294-002,CUST-CN00002,QUO-202507294-002,2027-11-30,2027-12-08,已创建,22717.0,通过,留言解决点击.
SO-202507294-003,CUST-CN00014,QUO-202507294-003,2027-12-01,2027-12-09,草稿,64265.0,通过,控制内容问题电影拥有.
SO-202507295-001,CUST-CN00001,QUO-202507295-001,2027-12-02,2027-12-10,已审核,71309.0,通过,可以制作资源.
SO-202507295-002,CUST-CN00007,QUO-202507295-002,2027-12-03,2027-12-11,已审核,58115.0,待审核,觉得专业能力根据的人我的世界.
SO-202507295-003,CUST-CN00016,QUO-202507295-003,2027-12-04,2027-12-12,已取消,80459.0,通过,业务帮助或者特别日期必须企业.
SO-202507296-001,CUST-CN00011,QUO-202507296-001,2027-12-05,2027-12-13,草稿,57194.0,通过,网站或者那么学习社区欢迎历史.
SO-202507296-002,CUST-CN00015,QUO-202507296-002,2027-12-06,2027-12-14,已创建,40107.0,通过,学生因为公司论坛那个.
SO-202507296-003,CUST-CN00006,QUO-202507296-003,2027-12-07,2027-12-15,已完成,16114.0,通过,地址发现而且.
SO-202507297-001,CUST-CN00004,QUO-202507297-001,2027-12-08,2027-12-16,已审核,43056.0,通过,她的完成电脑根据.
SO-202507297-002,CUST-CN00019,QUO-202507297-002,2027-12-09,2027-12-17,已取消,39617.0,待审核,处理注册组织电话.
SO-202507297-003,CUST-CN00002,QUO-202507297-003,2027-12-10,2027-12-18,已取消,24347.0,通过,觉得所有科技责任生活一切信息.
SO-202507298-001,CUST-CN00011,QUO-202507298-001,2027-12-11,2027-12-19,草稿,16430.0,待审核,留言同时积分详细.
SO-202507298-002,CUST-CN00017,QUO-202507298-002,2027-12-12,2027-12-20,已审核,58630.0,待审核,评论你的已经文件正在那么.
SO-202507298-003,CUST-CN00013,QUO-202507298-003,2027-12-13,2027-12-21,已完成,85863.0,待审核,公司这种操作认为到了记者都是.
SO-202507299-001,CUST-CN00005,QUO-202507299-001,2027-12-14,2027-12-22,部分发货,85815.0,待审核,操作有些类别孩子孩子.
SO-202507299-002,CUST-CN00003,QUO-202507299-002,2027-12-15,2027-12-23,已创建,82559.0,待审核,有些他们支持进入根据全国.
SO-202507299-003,CUST-CN00005,QUO-202507299-003,2027-12-16,2027-12-24,已创建,41198.0,通过,查看一些或者非常最后有些只是.
SO-202507300-001,CUST-CN00014,QUO-202507300-001,2027-12-17,2027-12-25,已审核,80929.0,通过,图片你的如此如何那个非常谢谢根据.
SO-202507300-002,CUST-CN00010,QUO-202507300-002,2027-12-18,2027-12-26,已完成,19471.0,待审核,日本关系有些朋友计划你们.
SO-202507300-003,CUST-CN00001,QUO-202507300-003,2027-12-19,2027-12-27,已创建,80752.0,待审核,位置推荐参加语言专业下载.
SO-202507301-001,CUST-CN00010,QUO-202507301-001,2027-12-20,2027-12-28,已取消,80397.0,通过,我的应用简介如何标准起来得到各种.
SO-202507301-002,CUST-CN00007,QUO-202507301-002,2027-12-21,2027-12-29,已审核,58837.0,待审核,作为密码客户系列语言.
SO-202507301-003,CUST-CN00017,QUO-202507301-003,2027-12-22,2027-12-30,已审核,70352.0,待审核,中心发展发展这个朋友个人不是处理.
SO-202507302-001,CUST-CN00018,QUO-202507302-001,2027-12-23,2027-12-31,已创建,15474.0,通过,到了这种其中制作如此数据主要.
SO-202507302-002,CUST-CN00010,QUO-202507302-002,2027-12-24,2028-01-01,已审核,37694.0,通过,关于最新系列有限更新然后阅读的人.
SO-202507302-003,CUST-CN00008,QUO-202507302-003,2027-12-25,2028-01-02,已取消,68387.0,待审核,参加但是国际本站但是.
SO-202507303-001,CUST-CN00020,QUO-202507303-001,2027-12-26,2028-01-03,草稿,63357.0,通过,国际位置情况单位单位来源.
SO-202507303-002,CUST-CN00020,QUO-202507303-002,2027-12-27,2028-01-04,已创建,50372.0,通过,新闻项目大小继续运行.
SO-202507303-003,CUST-CN00009,QUO-202507303-003,2027-12-28,2028-01-05,部分发货,46370.0,通过,包括网站一些学生.
SO-202507304-001,CUST-CN00013,QUO-202507304-001,2027-12-29,2028-01-06,已取消,45719.0,待审核,个人以后自己设计.
SO-202507304-002,CUST-CN00018,QUO-202507304-002,2027-12-30,2028-01-07,草稿,38508.0,待审核,时间如此在线语言责任市场学生.
SO-202507304-003,CUST-CN00004,QUO-202507304-003,2027-12-31,2028-01-08,已创建,84706.0,通过,主题对于希望提供.
SO-202507305-001,CUST-CN00020,QUO-202507305-001,2028-01-01,2028-01-09,已取消,36650.0,通过,一起深圳阅读经济您的以后.
SO-202507305-002,CUST-CN00013,QUO-202507305-002,2028-01-02,2028-01-10,已审核,71794.0,通过,你的无法选择空间帖子事情.
SO-202507305-003,CUST-CN00010,QUO-202507305-003,2028-01-03,2028-01-11,已创建,58225.0,通过,的是行业建设东西一般同时电子继续.
SO-202507306-001,CUST-CN00006,QUO-202507306-001,2028-01-04,2028-01-12,已取消,73206.0,通过,表示类型城市本站那么投资规定.
SO-202507306-002,CUST-CN00016,QUO-202507306-002,2028-01-05,2028-01-13,部分发货,60741.0,待审核,关于控制程序.
SO-202507306-003,CUST-CN00011,QUO-202507306-003,2028-01-06,2028-01-14,草稿,49412.0,待审核,等级以下项目不要部分系列政府这个.
SO-202507307-001,CUST-CN00013,QUO-202507307-001,2028-01-07,2028-01-15,草稿,50357.0,待审核,重要威望完全国内一起记者.
SO-202507307-002,CUST-CN00002,QUO-202507307-002,2028-01-08,2028-01-16,已取消,21980.0,通过,销售管理安全位置发表合作一样生活.
SO-202507307-003,CUST-CN00001,QUO-202507307-003,2028-01-09,2028-01-17,已审核,70618.0,通过,她的注册还是系列系列那个问题.
SO-202507308-001,CUST-CN00007,QUO-202507308-001,2028-01-10,2028-01-18,已完成,29616.0,待审核,问题城市投资.
SO-202507308-002,CUST-CN00020,QUO-202507308-002,2028-01-11,2028-01-19,已完成,69985.0,通过,来源注意一点广告法律.
SO-202507308-003,CUST-CN00017,QUO-202507308-003,2028-01-12,2028-01-20,已审核,49321.0,通过,一起电影地区欢迎.
SO-202507309-001,CUST-CN00016,QUO-202507309-001,2028-01-13,2028-01-21,草稿,35487.0,待审核,系列文件结果那些市场.
SO-202507309-002,CUST-CN00008,QUO-202507309-002,2028-01-14,2028-01-22,已审核,79171.0,待审核,首页人员文件介绍.
SO-202507309-003,CUST-CN00019,QUO-202507309-003,2028-01-15,2028-01-23,已取消,66752.0,待审核,社区免费阅读积分汽车其中.
SO-202507310-001,CUST-CN00005,QUO-202507310-001,2028-01-16,2028-01-24,已完成,51795.0,待审核,上海工作系列知道支持设备之间.
SO-202507310-002,CUST-CN00016,QUO-202507310-002,2028-01-17,2028-01-25,草稿,82837.0,待审核,地址合作不会特别.
SO-202507310-003,CUST-CN00013,QUO-202507310-003,2028-01-18,2028-01-26,已审核,28429.0,通过,非常论坛当前历史国内.
SO-202507311-001,CUST-CN00020,QUO-202507311-001,2028-01-19,2028-01-27,部分发货,81248.0,待审核,如果用户今年设备世界大小生活.
SO-202507311-002,CUST-CN00020,QUO-202507311-002,2028-01-20,2028-01-28,已审核,22900.0,通过,我们为什时候生活表示一个以后.
SO-202507311-003,CUST-CN00005,QUO-202507311-003,2028-01-21,2028-01-29,已完成,85389.0,通过,重要时候生产这里图片大家如何.
SO-202507312-001,CUST-CN00006,QUO-202507312-001,2028-01-22,2028-01-30,草稿,26475.0,通过,继续生产研究能力专业留言状态.
SO-202507312-002,CUST-CN00010,QUO-202507312-002,2028-01-23,2028-01-31,已创建,27031.0,待审核,等级大家业务不能朋友同时.
SO-202507312-003,CUST-CN00011,QUO-202507312-003,2028-01-24,2028-02-01,草稿,86747.0,待审核,欢迎文章我们作者经验.
SO-202507313-001,CUST-CN00008,QUO-202507313-001,2028-01-25,2028-02-02,草稿,29929.0,通过,图片社区新闻提供两个其中帮助.
SO-202507313-002,CUST-CN00002,QUO-202507313-002,2028-01-26,2028-02-03,已完成,53243.0,通过,孩子次数内容手机.
SO-202507313-003,CUST-CN00008,QUO-202507313-003,2028-01-27,2028-02-04,草稿,78655.0,待审核,政府精华名称不会.
SO-202507314-001,CUST-CN00006,QUO-202507314-001,2028-01-28,2028-02-05,已取消,71795.0,通过,主题游戏其中法律支持.
SO-202507314-002,CUST-CN00011,QUO-202507314-002,2028-01-29,2028-02-06,已完成,45901.0,通过,这个空间有些能力时候社区.
SO-202507314-003,CUST-CN00018,QUO-202507314-003,2028-01-30,2028-02-07,已审核,35710.0,待审核,类型软件客户教育.
SO-202507315-001,CUST-CN00014,QUO-202507315-001,2028-01-31,2028-02-08,已审核,20604.0,待审核,规定工作法律密码汽车.
SO-202507315-002,CUST-CN00012,QUO-202507315-002,2028-02-01,2028-02-09,草稿,15979.0,通过,那些提高进行情况精华以及.
SO-202507315-003,CUST-CN00011,QUO-202507315-003,2028-02-02,2028-02-10,草稿,33833.0,通过,影响特别时候完全发生软件当前.
SO-202507316-001,CUST-CN00019,QUO-202507316-001,2028-02-03,2028-02-11,草稿,60798.0,通过,个人无法中文城市.
SO-202507316-002,CUST-CN00011,QUO-202507316-002,2028-02-04,2028-02-12,已取消,83269.0,待审核,详细活动其实他们来源.
SO-202507316-003,CUST-CN00005,QUO-202507316-003,2028-02-05,2028-02-13,草稿,62239.0,通过,特别城市注意教育活动任何联系.
SO-202507317-001,CUST-CN00009,QUO-202507317-001,2028-02-06,2028-02-14,部分发货,43632.0,通过,历史参加成功.
SO-202507317-002,CUST-CN00005,QUO-202507317-002,2028-02-07,2028-02-15,已完成,28201.0,通过,当然主题是一包括.
SO-202507317-003,CUST-CN00003,QUO-202507317-003,2028-02-08,2028-02-16,部分发货,60153.0,通过,一次电影经验不过网站方式原因.
SO-202507318-001,CUST-CN00011,QUO-202507318-001,2028-02-09,2028-02-17,已创建,70629.0,通过,留言会员其中孩子无法.
SO-202507318-002,CUST-CN00008,QUO-202507318-002,2028-02-10,2028-02-18,已审核,49742.0,通过,认为学习只要搜索以后.
SO-202507318-003,CUST-CN00014,QUO-202507318-003,2028-02-11,2028-02-19,已完成,20389.0,通过,精华政府主要网站评论作品单位经营.
SO-202507319-001,CUST-CN00007,QUO-202507319-001,2028-02-12,2028-02-20,已审核,71841.0,通过,投资电话学校一下.
SO-202507319-002,CUST-CN00008,QUO-202507319-002,2028-02-13,2028-02-21,已取消,50575.0,待审核,都是质量开始责任还有要求无法.
SO-202507319-003,CUST-CN00002,QUO-202507319-003,2028-02-14,2028-02-22,已审核,73572.0,通过,推荐市场文件无法.
SO-202507320-001,CUST-CN00005,QUO-202507320-001,2028-02-15,2028-02-23,草稿,24831.0,通过,公司单位这些还有.
SO-202507320-002,CUST-CN00011,QUO-202507320-002,2028-02-16,2028-02-24,已取消,22997.0,待审核,科技全部还是这样其实.
SO-202507320-003,CUST-CN00005,QUO-202507320-003,2028-02-17,2028-02-25,已创建,35330.0,通过,客户开发大学主要.
SO-202507321-001,CUST-CN00007,QUO-202507321-001,2028-02-18,2028-02-26,已完成,29042.0,待审核,留言世界必须一样个人她的之间.
SO-202507321-002,CUST-CN00004,QUO-202507321-002,2028-02-19,2028-02-27,已完成,47875.0,通过,最大如此已经其中状态准备销售.
SO-202507321-003,CUST-CN00012,QUO-202507321-003,2028-02-20,2028-02-28,已创建,46333.0,通过,时间分析详细影响那个.
SO-202507322-001,CUST-CN00020,QUO-202507322-001,2028-02-21,2028-02-29,已完成,78501.0,通过,客户人员学习经验环境拥有.
SO-202507322-002,CUST-CN00008,QUO-202507322-002,2028-02-22,2028-03-01,已创建,79469.0,待审核,结果来自这里免费.
SO-202507322-003,CUST-CN00010,QUO-202507322-003,2028-02-23,2028-03-02,已完成,85917.0,通过,市场一切起来市场时间工具她的.
SO-202507323-001,CUST-CN00003,QUO-202507323-001,2028-02-24,2028-03-03,已审核,70377.0,待审核,这是处理参加以下以及用户工程.
SO-202507323-002,CUST-CN00008,QUO-202507323-002,2028-02-25,2028-03-04,已创建,30624.0,通过,中心资源本站基本.
SO-202507323-003,CUST-CN00003,QUO-202507323-003,2028-02-26,2028-03-05,已取消,60092.0,待审核,政府搜索深圳评论.
SO-202507324-001,CUST-CN00016,QUO-202507324-001,2028-02-27,2028-03-06,已取消,19718.0,通过,当前决定拥有不断因为.
SO-202507324-002,CUST-CN00011,QUO-202507324-002,2028-02-28,2028-03-07,部分发货,89197.0,待审核,计划联系那些人员.
SO-202507324-003,CUST-CN00009,QUO-202507324-003,2028-02-29,2028-03-08,已审核,86722.0,通过,具有资源系统方式完全学校感觉.
SO-202507325-001,CUST-CN00014,QUO-202507325-001,2028-03-01,2028-03-09,已审核,64837.0,通过,上海地址责任个人当然有限一下学校.
SO-202507325-002,CUST-CN00008,QUO-202507325-002,2028-03-02,2028-03-10,部分发货,55967.0,待审核,非常不能管理作品.
SO-202507325-003,CUST-CN00013,QUO-202507325-003,2028-03-03,2028-03-11,已取消,43204.0,待审核,操作标准中文评论部分.
SO-202507326-001,CUST-CN00009,QUO-202507326-001,2028-03-04,2028-03-12,已创建,19866.0,通过,合作地区自己提高规定.
SO-202507326-002,CUST-CN00007,QUO-202507326-002,2028-03-05,2028-03-13,已审核,36322.0,通过,研究的话等级人民工程东西.
SO-202507326-003,CUST-CN00006,QUO-202507326-003,2028-03-06,2028-03-14,草稿,62081.0,通过,都是上海学生.
SO-202507327-001,CUST-CN00018,QUO-202507327-001,2028-03-07,2028-03-15,已取消,15514.0,待审核,很多市场音乐不会活动.
SO-202507327-002,CUST-CN00017,QUO-202507327-002,2028-03-08,2028-03-16,部分发货,46482.0,待审核,工程手机首页这里目前文化.
SO-202507327-003,CUST-CN00013,QUO-202507327-003,2028-03-09,2028-03-17,部分发货,68995.0,通过,部分大小注意国内任何比较这种.
SO-202507328-001,CUST-CN00017,QUO-202507328-001,2028-03-10,2028-03-18,已取消,43310.0,通过,是否全国音乐关系广告本站因此不断.
SO-202507328-002,CUST-CN00003,QUO-202507328-002,2028-03-11,2028-03-19,已完成,38127.0,通过,希望对于分析现在.
SO-202507328-003,CUST-CN00013,QUO-202507328-003,2028-03-12,2028-03-20,已审核,27625.0,通过,因为大学游戏知道教育认为.
SO-202507329-001,CUST-CN00020,QUO-202507329-001,2028-03-13,2028-03-21,已取消,20214.0,待审核,显示只要喜欢工作时间发布.
SO-202507329-002,CUST-CN00017,QUO-202507329-002,2028-03-14,2028-03-22,已创建,87544.0,通过,自己空间生产发生男人市场精华.
SO-202507329-003,CUST-CN00006,QUO-202507329-003,2028-03-15,2028-03-23,已创建,74287.0,通过,非常现在电脑也是全部.
SO-202507330-001,CUST-CN00009,QUO-202507330-001,2028-03-16,2028-03-24,已审核,43240.0,待审核,社区数据工程语言网上因为.
SO-202507330-002,CUST-CN00011,QUO-202507330-002,2028-03-17,2028-03-25,已取消,88249.0,通过,知道我的能够电子全部工作那么就是.
SO-202507330-003,CUST-CN00020,QUO-202507330-003,2028-03-18,2028-03-26,已完成,70290.0,待审核,还有类型参加.
SO-202507331-001,CUST-CN00004,QUO-202507331-001,2028-03-19,2028-03-27,草稿,80537.0,通过,客户信息环境建设所以记者.
SO-202507331-002,CUST-CN00020,QUO-202507331-002,2028-03-20,2028-03-28,已审核,23288.0,通过,之间制作是否.
SO-202507331-003,CUST-CN00010,QUO-202507331-003,2028-03-21,2028-03-29,已取消,36624.0,待审核,投资功能所有.
SO-202507332-001,CUST-CN00001,QUO-202507332-001,2028-03-22,2028-03-30,已完成,74074.0,待审核,两个如果深圳简介.
SO-202507332-002,CUST-CN00015,QUO-202507332-002,2028-03-23,2028-03-31,已审核,62658.0,待审核,不能应用公司密码地址深圳还是.
SO-202507332-003,CUST-CN00014,QUO-202507332-003,2028-03-24,2028-04-01,已完成,87642.0,待审核,结果程序基本其他大家.
SO-202507333-001,CUST-CN00007,QUO-202507333-001,2028-03-25,2028-04-02,已审核,22694.0,待审核,参加什么手机他们行业精华中国.
SO-202507333-002,CUST-CN00003,QUO-202507333-002,2028-03-26,2028-04-03,草稿,26873.0,通过,公司免费孩子程序欢迎今年发生这种.
SO-202507333-003,CUST-CN00003,QUO-202507333-003,2028-03-27,2028-04-04,草稿,48520.0,待审核,中文国际合作虽然应该可是.
SO-202507334-001,CUST-CN00018,QUO-202507334-001,2028-03-28,2028-04-05,已取消,79449.0,通过,电子有限是否增加.
